filename,category,category_idx,p_typicality,n_block,task,cond,cond_idx,block_total,ISI,tImageOn,Report,RT,target_resp,iso_spread,TrialCompleted,ImgDur,participant
img_jpldg.png,living_rooms,5,7,1,oddball,old,1,5,1.74811589359386,4.26123158813789,0,2.24811561186289,0,2,1,0.5,pilot21_01
pexels-heyho-7061423_resized.jpg,nontarget,2,0,1,oddball,old,1,5,1.5754456026469,6.64120189999994,0,2.07544760000019,0,0,1,0.5,pilot21_01
img_pna7l.png,living_rooms,5,9,1,oddball,old,1,5,1.0573555870067,8.80122490000031,0,1.55735790000017,0,0,1,0.5,pilot21_01
pexels-eduschadesoares-5498222_resized.jpg,target,1,0,1,oddball,old,1,5,1.39165478453987,10.4611921000005,1,0.678076000000146,1,0,1,0.5,pilot21_01
img_a9he3.png,living_rooms,5,8,1,oddball,old,1,5,2.60060451283813,14.281238565487,1,0.562119734513544,1,0,1,0.5,pilot21_01
pexels-heyho-7018243_resized.jpg,nontarget,2,0,1,oddball,old,1,5,1.22886692073548,16.6212539950693,1,1.0380545049311,1,0,1,0.5,pilot21_01
img_eh0no.png,living_rooms,5,3,1,oddball,old,1,5,1.06952323976312,19.2712507901397,1,0.716130709860408,1,0,1,0.5,pilot21_01
pexels-heyho-7031878_resized.jpg,nontarget,2,0,1,oddball,old,1,5,1.11749422101314,21.6412750753479,0,1.61749652465278,0,0,1,0.5,pilot21_01
img_g40qa.png,living_rooms,5,10,1,oddball,old,1,5,1.6500379792081,23.3712524000002,0,2.15004150000004,0,4,1,0.5,pilot21_01
img_hfte7.png,living_rooms,5,10,1,oddball,old,1,5,1.13933349019359,25.6311986000001,0,1.63933309999993,0,2,1,0.5,pilot21_01
pexels-heyho-7005451_resized.jpg,nontarget,2,0,1,oddball,old,1,5,2.6086423941785,27.3911809000001,99,0.724184000000605,NaN,0,,,
img_yosqb.png,living_rooms,5,3,1,oddball,old,1,5,,,,,,,,,
pexels-heyho-7545781_resized.jpg,nontarget,2,0,1,oddball,old,1,5,,,,,,,,,
img_t2bng.png,living_rooms,5,10,1,oddball,old,1,5,,,,,,,,,
img_7f11q.png,living_rooms,5,8,1,oddball,old,1,5,,,,,,,,,
img_sx68r.png,living_rooms,5,3,1,oddball,old,1,5,,,,,,,,,
osarugue-igbinoba-JLjnVwVPZMo-unsplash_resized.jpg,target,1,0,1,oddball,old,1,5,,,,,,,,,
img_3fldm.png,living_rooms,5,10,1,oddball,old,1,5,,,,,,,,,
pexels-aqsawii-3027016-5951182_resized.jpg,target,1,0,1,oddball,old,1,5,,,,,,,,,
img_tseae.png,living_rooms,5,9,1,oddball,old,1,5,,,,,,,,,
pexels-heyho-7031882_resized.jpg,nontarget,2,0,1,oddball,old,1,5,,,,,,,,,
img_lo6c4.png,living_rooms,5,1,1,oddball,old,1,5,,,,,,,,,
osarugue-igbinoba-TLjCumU0IC8-unsplash_resized.jpg,target,1,0,1,oddball,old,1,5,,,,,,,,,
img_hfj08.png,living_rooms,5,9,1,oddball,old,1,5,,,,,,,,,
pexels-filirovska-8251006_resized.jpg,target,1,0,1,oddball,old,1,5,,,,,,,,,
img_7lz7m.png,living_rooms,5,3,1,oddball,old,1,5,,,,,,,,,
pexels-freestocks-1366594_resized.jpg,target,1,0,1,oddball,old,1,5,,,,,,,,,
img_mhkzb.png,living_rooms,5,10,1,oddball,old,1,5,,,,,,,,,
pexels-heyho-6969997_resized.jpg,nontarget,2,0,1,oddball,old,1,5,,,,,,,,,
img_d480g.png,living_rooms,5,10,1,oddball,old,1,5,,,,,,,,,
img_d1e9h.png,living_rooms,5,9,1,oddball,old,1,5,,,,,,,,,
pexels-fajrinugroho-20489330_resized.jpg,target,1,0,1,oddball,old,1,5,,,,,,,,,
img_1zhz6.png,living_rooms,5,3,1,oddball,old,1,5,,,,,,,,,
pexels-heyho-7018822_resized.jpg,nontarget,2,0,1,oddball,old,1,5,,,,,,,,,
img_vnxft.png,living_rooms,5,3,1,oddball,old,1,5,,,,,,,,,
pexels-apasaric-3423860_resized.jpg,target,1,0,1,oddball,old,1,5,,,,,,,,,
img_ehnxi.png,living_rooms,5,6,1,oddball,old,1,5,,,,,,,,,
pexels-kenzero14-21582447_resized.jpg,target,1,0,1,oddball,old,1,5,,,,,,,,,
img_tujn3.png,living_rooms,5,8,1,oddball,old,1,5,,,,,,,,,
pexels-ian-panelo-7451961_resized.jpg,target,1,0,1,oddball,old,1,5,,,,,,,,,
img_s2zoe.png,living_rooms,5,5,1,oddball,old,1,5,,,,,,,,,
img_b3fi1.png,living_rooms,5,6,1,oddball,old,1,5,,,,,,,,,
img_165pk.png,living_rooms,5,9,1,oddball,old,1,5,,,,,,,,,
pexels-hhaa-16211537_resized.jpg,target,1,0,1,oddball,old,1,5,,,,,,,,,
img_68f2l.png,living_rooms,5,9,1,oddball,old,1,5,,,,,,,,,
pexels-heyho-7227624_resized.jpg,nontarget,2,0,1,oddball,old,1,5,,,,,,,,,
img_s3ngq.png,living_rooms,5,10,1,oddball,old,1,5,,,,,,,,,
img_2g129.png,living_rooms,5,9,1,oddball,old,1,5,,,,,,,,,
img_wjjqy.png,living_rooms,5,8,1,oddball,old,1,5,,,,,,,,,
pexels-heyho-6933766_resized.jpg,nontarget,2,0,1,oddball,old,1,5,,,,,,,,,
img_r10cu.png,living_rooms,5,7,1,oddball,old,1,5,,,,,,,,,
img_xpco9.png,living_rooms,5,8,1,oddball,old,1,5,,,,,,,,,
img_zxvl3.png,living_rooms,5,5,1,oddball,old,1,5,,,,,,,,,
img_j856a.png,living_rooms,5,2,1,oddball,old,1,5,,,,,,,,,
pexels-heyho-7166936_resized.jpg,nontarget,2,0,1,oddball,old,1,5,,,,,,,,,
img_8297a.png,living_rooms,5,10,1,oddball,old,1,5,,,,,,,,,
pexels-heyho-6758511_resized.jpg,nontarget,2,0,1,oddball,old,1,5,,,,,,,,,
img_c89x3.png,living_rooms,5,6,1,oddball,old,1,5,,,,,,,,,
osarugue-igbinoba-F1TZZeZ4f4U-unsplash_resized.jpg,target,1,0,1,oddball,old,1,5,,,,,,,,,
img_swq34.png,living_rooms,5,5,1,oddball,old,1,5,,,,,,,,,
pexels-lifeofnacchi-4124939_resized.jpg,target,1,0,1,oddball,old,1,5,,,,,,,,,
img_16kib.png,living_rooms,5,8,1,oddball,old,1,5,,,,,,,,,
pexels-heyho-7046006_resized.jpg,nontarget,2,0,1,oddball,old,1,5,,,,,,,,,
img_9wmp8.png,living_rooms,5,10,1,oddball,old,1,5,,,,,,,,,
img_8jy3h.png,living_rooms,5,7,1,oddball,old,1,5,,,,,,,,,
img_6wne4.png,living_rooms,5,1,1,oddball,old,1,5,,,,,,,,,
pexels-heyho-7166551_resized.jpg,nontarget,2,0,1,oddball,old,1,5,,,,,,,,,
img_99exx.png,living_rooms,5,6,1,oddball,old,1,5,,,,,,,,,
pexels-ian-panelo-7451955_resized.jpg,target,1,0,1,oddball,old,1,5,,,,,,,,,
img_mdh76.png,living_rooms,5,2,1,oddball,old,1,5,,,,,,,,,
img_vgaye.png,living_rooms,5,8,1,oddball,old,1,5,,,,,,,,,
pexels-heyho-6908361_resized.jpg,nontarget,2,0,1,oddball,old,1,5,,,,,,,,,
img_1i6q5.png,living_rooms,5,9,1,oddball,old,1,5,,,,,,,,,
img_ohtbu.png,living_rooms,5,1,1,oddball,old,1,5,,,,,,,,,
pexels-artur-u-3061628-9074447_resized.jpg,target,1,0,1,oddball,old,1,5,,,,,,,,,
img_v00yc.png,living_rooms,5,7,1,oddball,old,1,5,,,,,,,,,
img_3m61b.png,living_rooms,5,8,1,oddball,old,1,5,,,,,,,,,
pexels-chuck-15491800_resized.jpg,target,1,0,1,oddball,old,1,5,,,,,,,,,
img_6a0hu.png,living_rooms,5,4,1,oddball,old,1,5,,,,,,,,,
pexels-greta-hoffman-9705830_resized.jpg,target,1,0,1,oddball,old,1,5,,,,,,,,,
img_x8z4x.png,living_rooms,5,10,1,oddball,old,1,5,,,,,,,,,
img_g13d5.png,living_rooms,5,6,1,oddball,old,1,5,,,,,,,,,
pexels-heyho-7214446_resized.jpg,nontarget,2,0,1,oddball,old,1,5,,,,,,,,,
img_ac0ey.png,living_rooms,5,9,1,oddball,old,1,5,,,,,,,,,
pexels-heyho-6782431_resized.jpg,nontarget,2,0,1,oddball,old,1,5,,,,,,,,,
img_jcisc.png,living_rooms,5,7,1,memory,new,2,5,,,,,,,,,
img_ztfay.png,living_rooms,5,6,1,memory,new,2,5,,,,,,,,,
img_mdh76.png,living_rooms,5,2,1,memory,old,1,5,,,,,,,,,
img_x8z4x.png,living_rooms,5,10,1,memory,old,1,5,,,,,,,,,
img_k0m56.png,living_rooms,5,6,1,memory,new,2,5,,,,,,,,,
img_8jy3h.png,living_rooms,5,7,1,memory,old,1,5,,,,,,,,,
img_7f11q.png,living_rooms,5,8,1,memory,old,1,5,,,,,,,,,
img_9wmp8.png,living_rooms,5,10,1,memory,old,1,5,,,,,,,,,
img_3fldm.png,living_rooms,5,10,1,memory,old,1,5,,,,,,,,,
img_pbsj1.png,living_rooms,5,6,1,memory,new,2,5,,,,,,,,,
img_5mw7y.png,living_rooms,5,6,1,memory,new,2,5,,,,,,,,,
img_bendp.png,living_rooms,5,7,1,memory,new,2,5,,,,,,,,,
img_of8d6.png,living_rooms,5,1,1,memory,new,2,5,,,,,,,,,
img_c0ecw.png,living_rooms,5,1,1,memory,new,2,5,,,,,,,,,
img_ohtbu.png,living_rooms,5,1,1,memory,old,1,5,,,,,,,,,
img_o9czo.png,living_rooms,5,6,1,memory,new,2,5,,,,,,,,,
img_s2zoe.png,living_rooms,5,5,1,memory,old,1,5,,,,,,,,,
img_qgyas.png,living_rooms,5,6,1,memory,new,2,5,,,,,,,,,
img_r10cu.png,living_rooms,5,7,1,memory,old,1,5,,,,,,,,,
img_t2bng.png,living_rooms,5,10,1,memory,old,1,5,,,,,,,,,
img_xbtev.png,living_rooms,5,1,1,memory,new,2,5,,,,,,,,,
img_x827l.png,living_rooms,5,7,1,memory,new,2,5,,,,,,,,,
img_iudc4.png,living_rooms,5,6,1,memory,new,2,5,,,,,,,,,
img_81nb0.png,living_rooms,5,1,1,memory,new,2,5,,,,,,,,,
img_mhkzb.png,living_rooms,5,10,1,memory,old,1,5,,,,,,,,,
img_v771n.png,living_rooms,5,1,1,memory,new,2,5,,,,,,,,,
img_i2l9a.png,living_rooms,5,1,1,memory,new,2,5,,,,,,,,,
img_g7pt8.png,living_rooms,5,6,1,memory,new,2,5,,,,,,,,,
img_lpr0l.png,living_rooms,5,7,1,memory,new,2,5,,,,,,,,,
img_d480g.png,living_rooms,5,10,1,memory,old,1,5,,,,,,,,,
img_v00yc.png,living_rooms,5,7,1,memory,old,1,5,,,,,,,,,
img_ncy2j.png,living_rooms,5,6,1,memory,new,2,5,,,,,,,,,
img_53nbn.png,living_rooms,5,6,1,memory,new,2,5,,,,,,,,,
img_1zhz6.png,living_rooms,5,3,1,memory,old,1,5,,,,,,,,,
img_hfj08.png,living_rooms,5,9,1,memory,old,1,5,,,,,,,,,
img_tujn3.png,living_rooms,5,8,1,memory,old,1,5,,,,,,,,,
img_gka64.png,living_rooms,5,1,1,memory,new,2,5,,,,,,,,,
img_tseae.png,living_rooms,5,9,1,memory,old,1,5,,,,,,,,,
img_9684y.png,living_rooms,5,7,1,memory,new,2,5,,,,,,,,,
img_lgxzn.png,living_rooms,5,6,1,memory,new,2,5,,,,,,,,,
img_1i6q5.png,living_rooms,5,9,1,memory,old,1,5,,,,,,,,,
img_165pk.png,living_rooms,5,9,1,memory,old,1,5,,,,,,,,,
img_pna7l.png,living_rooms,5,9,1,memory,old,1,5,,,,,,,,,
img_vgaye.png,living_rooms,5,8,1,memory,old,1,5,,,,,,,,,
img_swq34.png,living_rooms,5,5,1,memory,old,1,5,,,,,,,,,
img_68f2l.png,living_rooms,5,9,1,memory,old,1,5,,,,,,,,,
img_tbs4n.png,living_rooms,5,7,1,memory,new,2,5,,,,,,,,,
img_4974k.png,living_rooms,5,7,1,memory,new,2,5,,,,,,,,,
img_c89x3.png,living_rooms,5,6,1,memory,old,1,5,,,,,,,,,
img_7lz7m.png,living_rooms,5,3,1,memory,old,1,5,,,,,,,,,
img_wjjqy.png,living_rooms,5,8,1,memory,old,1,5,,,,,,,,,
img_n7qvz.png,living_rooms,5,6,1,memory,new,2,5,,,,,,,,,
img_cehin.png,living_rooms,5,7,1,memory,new,2,5,,,,,,,,,
img_16kib.png,living_rooms,5,8,1,memory,old,1,5,,,,,,,,,
img_vnxft.png,living_rooms,5,3,1,memory,old,1,5,,,,,,,,,
img_gnmb6.png,living_rooms,5,7,1,memory,new,2,5,,,,,,,,,
img_jpldg.png,living_rooms,5,7,1,memory,old,1,5,,,,,,,,,
img_s3ngq.png,living_rooms,5,10,1,memory,old,1,5,,,,,,,,,
img_lzz3x.png,living_rooms,5,1,1,memory,new,2,5,,,,,,,,,
img_2qhro.png,living_rooms,5,8,1,memory,new,2,5,,,,,,,,,
img_g13d5.png,living_rooms,5,6,1,memory,old,1,5,,,,,,,,,
img_89dvt.png,living_rooms,5,8,1,memory,new,2,5,,,,,,,,,
img_99exx.png,living_rooms,5,6,1,memory,old,1,5,,,,,,,,,
img_9ugw8.png,living_rooms,5,6,1,memory,new,2,5,,,,,,,,,
img_d1e9h.png,living_rooms,5,9,1,memory,old,1,5,,,,,,,,,
img_ehnxi.png,living_rooms,5,6,1,memory,old,1,5,,,,,,,,,
img_a9he3.png,living_rooms,5,8,1,memory,old,1,5,,,,,,,,,
img_tv8e2.png,living_rooms,5,6,1,memory,new,2,5,,,,,,,,,
img_hfte7.png,living_rooms,5,10,1,memory,old,1,5,,,,,,,,,
img_xe6fa.png,living_rooms,5,7,1,memory,new,2,5,,,,,,,,,
img_astid.png,living_rooms,5,2,1,memory,new,2,5,,,,,,,,,
img_6wne4.png,living_rooms,5,1,1,memory,old,1,5,,,,,,,,,
img_xu1p3.png,living_rooms,5,7,1,memory,new,2,5,,,,,,,,,
img_pey7u.png,living_rooms,5,1,1,memory,new,2,5,,,,,,,,,
img_6a0hu.png,living_rooms,5,4,1,memory,old,1,5,,,,,,,,,
img_j73b6.png,living_rooms,5,1,1,memory,new,2,5,,,,,,,,,
img_qz292.png,living_rooms,5,7,1,memory,new,2,5,,,,,,,,,
img_62xpv.png,living_rooms,5,8,1,memory,new,2,5,,,,,,,,,
img_zxvl3.png,living_rooms,5,5,1,memory,old,1,5,,,,,,,,,
img_fmgjx.png,living_rooms,5,7,1,memory,new,2,5,,,,,,,,,
img_6xg4l.png,living_rooms,5,8,1,memory,new,2,5,,,,,,,,,
img_r4bih.png,living_rooms,5,7,1,memory,new,2,5,,,,,,,,,
img_ac0ey.png,living_rooms,5,9,1,memory,old,1,5,,,,,,,,,
img_8297a.png,living_rooms,5,10,1,memory,old,1,5,,,,,,,,,
img_b3fi1.png,living_rooms,5,6,1,memory,old,1,5,,,,,,,,,
img_lo6c4.png,living_rooms,5,1,1,memory,old,1,5,,,,,,,,,
img_xpco9.png,living_rooms,5,8,1,memory,old,1,5,,,,,,,,,
img_ra2nm.png,living_rooms,5,6,1,memory,new,2,5,,,,,,,,,
img_g40qa.png,living_rooms,5,10,1,memory,old,1,5,,,,,,,,,
img_rych7.png,living_rooms,5,2,1,memory,new,2,5,,,,,,,,,
img_2g129.png,living_rooms,5,9,1,memory,old,1,5,,,,,,,,,
img_c0vzo.png,living_rooms,5,1,1,memory,new,2,5,,,,,,,,,
img_j856a.png,living_rooms,5,2,1,memory,old,1,5,,,,,,,,,
img_sx68r.png,living_rooms,5,3,1,memory,old,1,5,,,,,,,,,
img_j4ttn.png,living_rooms,5,1,1,memory,new,2,5,,,,,,,,,
img_yosqb.png,living_rooms,5,3,1,memory,old,1,5,,,,,,,,,
img_eh0no.png,living_rooms,5,3,1,memory,old,1,5,,,,,,,,,
img_qrc78.png,living_rooms,5,7,1,memory,new,2,5,,,,,,,,,
img_bbs77.png,living_rooms,5,2,1,memory,new,2,5,,,,,,,,,
img_i6wsx.png,living_rooms,5,7,1,memory,new,2,5,,,,,,,,,
img_3m61b.png,living_rooms,5,8,1,memory,old,1,5,,,,,,,,,
img_xib79.png,living_rooms,5,7,1,memory,new,2,5,,,,,,,,,
lotus-design-n-print-g51F6-WYzyU-unsplash_resized.jpg,nontarget,2,0,1,oddball,old,1,3,,,,,,,,,
img_twj5p.png,bedrooms,3,4,1,oddball,old,1,3,,,,,,,,,
illumination-marketing-LbLSqPbnjRw-unsplash_resized.jpg,nontarget,2,0,1,oddball,old,1,3,,,,,,,,,
img_awuev.png,bedrooms,3,2,1,oddball,old,1,3,,,,,,,,,
jana-heinemann-pVQM6vJg92M-unsplash_resized.jpg,nontarget,2,0,1,oddball,old,1,3,,,,,,,,,
img_zzb9f.png,bedrooms,3,10,1,oddball,old,1,3,,,,,,,,,
jose-angel-perales-gomez-ktswqGsqaMQ-unsplash_resized.jpg,target,1,0,1,oddball,old,1,3,,,,,,,,,
img_28eqs.png,bedrooms,3,1,1,oddball,old,1,3,,,,,,,,,
grocery-1232944_1920_resized.jpg,target,1,0,1,oddball,old,1,3,,,,,,,,,
img_gqy6z.png,bedrooms,3,9,1,oddball,old,1,3,,,,,,,,,
img_ycgfe.png,bedrooms,3,9,1,oddball,old,1,3,,,,,,,,,
michiel-van-kaam-QhbtepGK5Yg-unsplash_resized.jpg,nontarget,2,0,1,oddball,old,1,3,,,,,,,,,
img_d9ogj.png,bedrooms,3,6,1,oddball,old,1,3,,,,,,,,,
img_09jt1.png,bedrooms,3,6,1,oddball,old,1,3,,,,,,,,,
img_97f62.png,bedrooms,3,9,1,oddball,old,1,3,,,,,,,,,
house-method-FssgtQxo2xc-unsplash_resized.jpg,nontarget,2,0,1,oddball,old,1,3,,,,,,,,,
img_cmyvx.png,bedrooms,3,4,1,oddball,old,1,3,,,,,,,,,
grace-kelly-xCxMmFBjJ6o-unsplash_resized.jpg,nontarget,2,0,1,oddball,old,1,3,,,,,,,,,
img_x50f8.png,bedrooms,3,10,1,oddball,old,1,3,,,,,,,,,
img_db1ke.png,bedrooms,3,6,1,oddball,old,1,3,,,,,,,,,
murad-kerimli-N03PjHWOEFA-unsplash_resized.jpg,nontarget,2,0,1,oddball,old,1,3,,,,,,,,,
img_5p2ql.png,bedrooms,3,10,1,oddball,old,1,3,,,,,,,,,
hafeez-popoola-HJA1H6RbekA-unsplash_resized.jpg,target,1,0,1,oddball,old,1,3,,,,,,,,,
img_huisn.png,bedrooms,3,5,1,oddball,old,1,3,,,,,,,,,
img_r3i5r.png,bedrooms,3,8,1,oddball,old,1,3,,,,,,,,,
img_0qndh.png,bedrooms,3,6,1,oddball,old,1,3,,,,,,,,,
lotus-design-n-print-8WG4EXvdM4M-unsplash_resized.jpg,nontarget,2,0,1,oddball,old,1,3,,,,,,,,,
img_ze7ns.png,bedrooms,3,2,1,oddball,old,1,3,,,,,,,,,
hendrik-morkel-hZIhvOwyP0U-unsplash_resized.jpg,target,1,0,1,oddball,old,1,3,,,,,,,,,
img_oxf89.png,bedrooms,3,6,1,oddball,old,1,3,,,,,,,,,
jon-stebbe-JAW8aK3ImD8-unsplash_resized.jpg,nontarget,2,0,1,oddball,old,1,3,,,,,,,,,
img_dkqas.png,bedrooms,3,7,1,oddball,old,1,3,,,,,,,,,
img_1fjfz.png,bedrooms,3,6,1,oddball,old,1,3,,,,,,,,,
ganda-lukman-ffjicRx3v1Y-unsplash_resized.jpg,target,1,0,1,oddball,old,1,3,,,,,,,,,
img_mqnl6.png,bedrooms,3,5,1,oddball,old,1,3,,,,,,,,,
img_7z2tj.png,bedrooms,3,8,1,oddball,old,1,3,,,,,,,,,
franki-chamaki-GFPcR7N5CCE-unsplash_resized.jpg,target,1,0,1,oddball,old,1,3,,,,,,,,,
img_q9a89.png,bedrooms,3,9,1,oddball,old,1,3,,,,,,,,,
interior-design-6799917_1920_resized.jpg,nontarget,2,0,1,oddball,old,1,3,,,,,,,,,
img_e26ut.png,bedrooms,3,8,1,oddball,old,1,3,,,,,,,,,
img_n9xll.png,bedrooms,3,7,1,oddball,old,1,3,,,,,,,,,
hemant-kanojiya-LSKfjiXsbUU-unsplash_resized.jpg,nontarget,2,0,1,oddball,old,1,3,,,,,,,,,
img_3bxjb.png,bedrooms,3,10,1,oddball,old,1,3,,,,,,,,,
jan-antonin-kolar-y6zRzU2_GAA-unsplash_resized.jpg,target,1,0,1,oddball,old,1,3,,,,,,,,,
img_m4w0y.png,bedrooms,3,10,1,oddball,old,1,3,,,,,,,,,
img_izc5x.png,bedrooms,3,9,1,oddball,old,1,3,,,,,,,,,
franki-chamaki-ivfp_yxZuYQ-unsplash_resized.jpg,target,1,0,1,oddball,old,1,3,,,,,,,,,
img_d26ik.png,bedrooms,3,7,1,oddball,old,1,3,,,,,,,,,
julia-anseele-YUzypVCe8WE-unsplash_resized.jpg,target,1,0,1,oddball,old,1,3,,,,,,,,,
img_jge7p.png,bedrooms,3,10,1,oddball,old,1,3,,,,,,,,,
justin-wolff-f8rXXuctnSw-unsplash_resized.jpg,nontarget,2,0,1,oddball,old,1,3,,,,,,,,,
img_49h18.png,bedrooms,3,3,1,oddball,old,1,3,,,,,,,,,
jana-heinemann-hztvuJsoTmY-unsplash_resized.jpg,nontarget,2,0,1,oddball,old,1,3,,,,,,,,,
img_dmjh8.png,bedrooms,3,3,1,oddball,old,1,3,,,,,,,,,
img_eabk8.png,bedrooms,3,8,1,oddball,old,1,3,,,,,,,,,
fikri-rasyid-ezeC8-clZSs-unsplash_resized.jpg,target,1,0,1,oddball,old,1,3,,,,,,,,,
img_ds88w.png,bedrooms,3,3,1,oddball,old,1,3,,,,,,,,,
img_vwrot.png,bedrooms,3,7,1,oddball,old,1,3,,,,,,,,,
gemma-c-stpjHJGqZyw-unsplash_resized.jpg,target,1,0,1,oddball,old,1,3,,,,,,,,,
img_u2o6z.png,bedrooms,3,3,1,oddball,old,1,3,,,,,,,,,
jose-fabula-ryNJ5mqYloo-unsplash_resized.jpg,target,1,0,1,oddball,old,1,3,,,,,,,,,
img_oou46.png,bedrooms,3,6,1,oddball,old,1,3,,,,,,,,,
kc-shum-HbJ-mX4gdlg-unsplash_resized.jpg,target,1,0,1,oddball,old,1,3,,,,,,,,,
img_ldof4.png,bedrooms,3,1,1,oddball,old,1,3,,,,,,,,,
hulki-okan-tabak-AG0iadQfRDg-unsplash_resized.jpg,target,1,0,1,oddball,old,1,3,,,,,,,,,
img_fqgem.png,bedrooms,3,8,1,oddball,old,1,3,,,,,,,,,
grocery-4715107_1920_resized.jpg,target,1,0,1,oddball,old,1,3,,,,,,,,,
img_gbypq.png,bedrooms,3,6,1,oddball,old,1,3,,,,,,,,,
jack-lee-IH65r4HEQWQ-unsplash_resized.jpg,target,1,0,1,oddball,old,1,3,,,,,,,,,
img_9pfbj.png,bedrooms,3,10,1,oddball,old,1,3,,,,,,,,,
interior-design-6799917_1280_resized.jpg,nontarget,2,0,1,oddball,old,1,3,,,,,,,,,
img_zy7pc.png,bedrooms,3,6,1,oddball,old,1,3,,,,,,,,,
img_wyctg.png,bedrooms,3,1,1,oddball,old,1,3,,,,,,,,,
pawel-czerwinski-uOrKsopFGAg-unsplash_resized.jpg,nontarget,2,0,1,oddball,old,1,3,,,,,,,,,
img_clbu4.png,bedrooms,3,10,1,oddball,old,1,3,,,,,,,,,
img_7os7q.png,bedrooms,3,3,1,oddball,old,1,3,,,,,,,,,
jon-stebbe-GY5DTZ51sXs-unsplash_resized.jpg,nontarget,2,0,1,oddball,old,1,3,,,,,,,,,
img_fea1z.png,bedrooms,3,7,1,oddball,old,1,3,,,,,,,,,
franki-chamaki-ZLaxv6iiLcI-unsplash_resized.jpg,target,1,0,1,oddball,old,1,3,,,,,,,,,
img_zv0dq.png,bedrooms,3,6,1,oddball,old,1,3,,,,,,,,,
img_3h4c9.png,bedrooms,3,9,1,oddball,old,1,3,,,,,,,,,
lotus-design-n-print-Dk_o7KQyGkI-unsplash_resized.jpg,nontarget,2,0,1,oddball,old,1,3,,,,,,,,,
img_ri0yx.png,bedrooms,3,10,1,oddball,old,1,3,,,,,,,,,
img_ktg8p.png,bedrooms,3,1,1,oddball,old,1,3,,,,,,,,,
img_190ub.png,bedrooms,3,8,1,oddball,old,1,3,,,,,,,,,
img_a9acb.png,bedrooms,3,7,1,memory,new,2,3,,,,,,,,,
img_49h18.png,bedrooms,3,3,1,memory,old,1,3,,,,,,,,,
img_scrdm.png,bedrooms,3,7,1,memory,new,2,3,,,,,,,,,
img_gbypq.png,bedrooms,3,6,1,memory,old,1,3,,,,,,,,,
img_3bxjb.png,bedrooms,3,10,1,memory,old,1,3,,,,,,,,,
img_7z2tj.png,bedrooms,3,8,1,memory,old,1,3,,,,,,,,,
img_d26ik.png,bedrooms,3,7,1,memory,old,1,3,,,,,,,,,
img_eabk8.png,bedrooms,3,8,1,memory,old,1,3,,,,,,,,,
img_zy7pc.png,bedrooms,3,6,1,memory,old,1,3,,,,,,,,,
img_wyctg.png,bedrooms,3,1,1,memory,old,1,3,,,,,,,,,
img_ktg8p.png,bedrooms,3,1,1,memory,old,1,3,,,,,,,,,
img_jivhq.png,bedrooms,3,2,1,memory,new,2,3,,,,,,,,,
img_8dacu.png,bedrooms,3,6,1,memory,new,2,3,,,,,,,,,
img_db1ke.png,bedrooms,3,6,1,memory,old,1,3,,,,,,,,,
img_izc5x.png,bedrooms,3,9,1,memory,old,1,3,,,,,,,,,
img_q9a89.png,bedrooms,3,9,1,memory,old,1,3,,,,,,,,,
img_5vc3c.png,bedrooms,3,7,1,memory,new,2,3,,,,,,,,,
img_cmyvx.png,bedrooms,3,4,1,memory,old,1,3,,,,,,,,,
img_5m6x4.png,bedrooms,3,7,1,memory,new,2,3,,,,,,,,,
img_ds88w.png,bedrooms,3,3,1,memory,old,1,3,,,,,,,,,
img_287jq.png,bedrooms,3,6,1,memory,new,2,3,,,,,,,,,
img_5yhyk.png,bedrooms,3,2,1,memory,new,2,3,,,,,,,,,
img_2js6m.png,bedrooms,3,2,1,memory,new,2,3,,,,,,,,,
img_drqfp.png,bedrooms,3,7,1,memory,new,2,3,,,,,,,,,
img_gzbdr.png,bedrooms,3,1,1,memory,new,2,3,,,,,,,,,
img_3h4c9.png,bedrooms,3,9,1,memory,old,1,3,,,,,,,,,
img_m4w0y.png,bedrooms,3,10,1,memory,old,1,3,,,,,,,,,
img_ys3qz.png,bedrooms,3,2,1,memory,new,2,3,,,,,,,,,
img_190ub.png,bedrooms,3,8,1,memory,old,1,3,,,,,,,,,
img_kzh5g.png,bedrooms,3,6,1,memory,new,2,3,,,,,,,,,
img_awuev.png,bedrooms,3,2,1,memory,old,1,3,,,,,,,,,
img_fea1z.png,bedrooms,3,7,1,memory,old,1,3,,,,,,,,,
img_l1eln.png,bedrooms,3,7,1,memory,new,2,3,,,,,,,,,
img_0eflx.png,bedrooms,3,6,1,memory,new,2,3,,,,,,,,,
img_twj5p.png,bedrooms,3,4,1,memory,old,1,3,,,,,,,,,
img_65cdi.png,bedrooms,3,2,1,memory,new,2,3,,,,,,,,,
img_mdpr4.png,bedrooms,3,6,1,memory,new,2,3,,,,,,,,,
img_zgg62.png,bedrooms,3,8,1,memory,new,2,3,,,,,,,,,
img_kzg3h.png,bedrooms,3,7,1,memory,new,2,3,,,,,,,,,
img_svpek.png,bedrooms,3,7,1,memory,new,2,3,,,,,,,,,
img_bs3m7.png,bedrooms,3,7,1,memory,new,2,3,,,,,,,,,
img_ze7ns.png,bedrooms,3,2,1,memory,old,1,3,,,,,,,,,
img_dkqas.png,bedrooms,3,7,1,memory,old,1,3,,,,,,,,,
img_mqnl6.png,bedrooms,3,5,1,memory,old,1,3,,,,,,,,,
img_huisn.png,bedrooms,3,5,1,memory,old,1,3,,,,,,,,,
img_die1d.png,bedrooms,3,6,1,memory,new,2,3,,,,,,,,,
img_fqgem.png,bedrooms,3,8,1,memory,old,1,3,,,,,,,,,
img_u1rxv.png,bedrooms,3,6,1,memory,new,2,3,,,,,,,,,
img_d9ogj.png,bedrooms,3,6,1,memory,old,1,3,,,,,,,,,
img_kn0we.png,bedrooms,3,7,1,memory,new,2,3,,,,,,,,,
img_28eqs.png,bedrooms,3,1,1,memory,old,1,3,,,,,,,,,
img_x50f8.png,bedrooms,3,10,1,memory,old,1,3,,,,,,,,,
img_u2o6z.png,bedrooms,3,3,1,memory,old,1,3,,,,,,,,,
img_gqy6z.png,bedrooms,3,9,1,memory,old,1,3,,,,,,,,,
img_ycgfe.png,bedrooms,3,9,1,memory,old,1,3,,,,,,,,,
img_le8uf.png,bedrooms,3,1,1,memory,new,2,3,,,,,,,,,
img_97f62.png,bedrooms,3,9,1,memory,old,1,3,,,,,,,,,
img_ose78.png,bedrooms,3,8,1,memory,new,2,3,,,,,,,,,
img_clbu4.png,bedrooms,3,10,1,memory,old,1,3,,,,,,,,,
img_9pfbj.png,bedrooms,3,10,1,memory,old,1,3,,,,,,,,,
img_n3xxp.png,bedrooms,3,1,1,memory,new,2,3,,,,,,,,,
img_opxap.png,bedrooms,3,6,1,memory,new,2,3,,,,,,,,,
img_ymgcb.png,bedrooms,3,8,1,memory,new,2,3,,,,,,,,,
img_jge7p.png,bedrooms,3,10,1,memory,old,1,3,,,,,,,,,
img_juob3.png,bedrooms,3,7,1,memory,new,2,3,,,,,,,,,
img_3kho5.png,bedrooms,3,2,1,memory,new,2,3,,,,,,,,,
img_qbdgm.png,bedrooms,3,7,1,memory,new,2,3,,,,,,,,,
img_vx3gs.png,bedrooms,3,6,1,memory,new,2,3,,,,,,,,,
img_09jt1.png,bedrooms,3,6,1,memory,old,1,3,,,,,,,,,
img_su4ip.png,bedrooms,3,6,1,memory,new,2,3,,,,,,,,,
img_vwrot.png,bedrooms,3,7,1,memory,old,1,3,,,,,,,,,
img_oxf89.png,bedrooms,3,6,1,memory,old,1,3,,,,,,,,,
img_r3i5r.png,bedrooms,3,8,1,memory,old,1,3,,,,,,,,,
img_c2pbs.png,bedrooms,3,1,1,memory,new,2,3,,,,,,,,,
img_0qndh.png,bedrooms,3,6,1,memory,old,1,3,,,,,,,,,
img_q5ldz.png,bedrooms,3,7,1,memory,new,2,3,,,,,,,,,
img_dhjnr.png,bedrooms,3,7,1,memory,new,2,3,,,,,,,,,
img_anzgh.png,bedrooms,3,6,1,memory,new,2,3,,,,,,,,,
img_rvssl.png,bedrooms,3,6,1,memory,new,2,3,,,,,,,,,
img_1fjfz.png,bedrooms,3,6,1,memory,old,1,3,,,,,,,,,
img_q3mdq.png,bedrooms,3,6,1,memory,new,2,3,,,,,,,,,
img_4wq98.png,bedrooms,3,7,1,memory,new,2,3,,,,,,,,,
img_zzb9f.png,bedrooms,3,10,1,memory,old,1,3,,,,,,,,,
img_iqmdm.png,bedrooms,3,7,1,memory,new,2,3,,,,,,,,,
img_6qetq.png,bedrooms,3,6,1,memory,new,2,3,,,,,,,,,
img_46tsn.png,bedrooms,3,7,1,memory,new,2,3,,,,,,,,,
img_n9xll.png,bedrooms,3,7,1,memory,old,1,3,,,,,,,,,
img_ldof4.png,bedrooms,3,1,1,memory,old,1,3,,,,,,,,,
img_7os7q.png,bedrooms,3,3,1,memory,old,1,3,,,,,,,,,
img_zv0dq.png,bedrooms,3,6,1,memory,old,1,3,,,,,,,,,
img_oou46.png,bedrooms,3,6,1,memory,old,1,3,,,,,,,,,
img_cgdyc.png,bedrooms,3,1,1,memory,new,2,3,,,,,,,,,
img_qh2z2.png,bedrooms,3,7,1,memory,new,2,3,,,,,,,,,
img_psgf7.png,bedrooms,3,1,1,memory,new,2,3,,,,,,,,,
img_dmjh8.png,bedrooms,3,3,1,memory,old,1,3,,,,,,,,,
img_2pnl2.png,bedrooms,3,1,1,memory,new,2,3,,,,,,,,,
img_ri0yx.png,bedrooms,3,10,1,memory,old,1,3,,,,,,,,,
img_l1h36.png,bedrooms,3,1,1,memory,new,2,3,,,,,,,,,
img_5p2ql.png,bedrooms,3,10,1,memory,old,1,3,,,,,,,,,
img_3cp3s.png,bedrooms,3,6,1,memory,new,2,3,,,,,,,,,
img_e26ut.png,bedrooms,3,8,1,memory,old,1,3,,,,,,,,,
img_fbihy.png,bedrooms,3,2,1,memory,new,2,3,,,,,,,,,
img_xguy9.png,kitchens,4,7,1,oddball,old,1,1,,,,,,,,,
img_29gyt.png,kitchens,4,6,1,oddball,old,1,1,,,,,,,,,
backbone-visuals-L4iRkKL5dng-unsplash_resized.jpg,nontarget,2,0,1,oddball,old,1,1,,,,,,,,,
img_diq9d.png,kitchens,4,9,1,oddball,old,1,1,,,,,,,,,
img_60242.png,kitchens,4,7,1,oddball,old,1,1,,,,,,,,,
bathroom-1940171_1920_resized.jpg,nontarget,2,0,1,oddball,old,1,1,,,,,,,,,
img_1m0fn.png,kitchens,4,9,1,oddball,old,1,1,,,,,,,,,
bathroom-3615667_1280_resized.jpg,nontarget,2,0,1,oddball,old,1,1,,,,,,,,,
img_xrzk6.png,kitchens,4,6,1,oddball,old,1,1,,,,,,,,,
adiptalk-3VoUDb-sVt4-unsplash_resized.jpg,target,1,0,1,oddball,old,1,1,,,,,,,,,
img_atzjw.png,kitchens,4,1,1,oddball,old,1,1,,,,,,,,,
99-films-9K-rMgWLCYM-unsplash_resized.jpg,nontarget,2,0,1,oddball,old,1,1,,,,,,,,,
img_t1cr9.png,kitchens,4,6,1,oddball,old,1,1,,,,,,,,,
carmela-bPdZlA6NWn0-unsplash_resized.jpg,target,1,0,1,oddball,old,1,1,,,,,,,,,
img_58n4j.png,kitchens,4,8,1,oddball,old,1,1,,,,,,,,,
benigno-hoyuela-Z5PknsAvHkk-unsplash_resized.jpg,target,1,0,1,oddball,old,1,1,,,,,,,,,
img_23ged.png,kitchens,4,6,1,oddball,old,1,1,,,,,,,,,
brittani-burns-ZjnINvfPnig-unsplash_resized.jpg,target,1,0,1,oddball,old,1,1,,,,,,,,,
img_mawe6.png,kitchens,4,9,1,oddball,old,1,1,,,,,,,,,
img_57os5.png,kitchens,4,9,1,oddball,old,1,1,,,,,,,,,
img_72hmj.png,kitchens,4,10,1,oddball,old,1,1,,,,,,,,,
caique-morais-YVSR6ILS9wM-unsplash_resized.jpg,target,1,0,1,oddball,old,1,1,,,,,,,,,
img_0mhms.png,kitchens,4,7,1,oddball,old,1,1,,,,,,,,,
img_cnyac.png,kitchens,4,5,1,oddball,old,1,1,,,,,,,,,
img_lszzj.png,kitchens,4,4,1,oddball,old,1,1,,,,,,,,,
chuttersnap-6xB6mxsLTV0-unsplash_resized.jpg,target,1,0,1,oddball,old,1,1,,,,,,,,,
img_552an.png,kitchens,4,8,1,oddball,old,1,1,,,,,,,,,
bathroom-8714843_1920_resized.jpg,nontarget,2,0,1,oddball,old,1,1,,,,,,,,,
img_anjr0.png,kitchens,4,4,1,oddball,old,1,1,,,,,,,,,
img_7ed9m.png,kitchens,4,8,1,oddball,old,1,1,,,,,,,,,
bathroom-6893077_1920_resized.jpg,nontarget,2,0,1,oddball,old,1,1,,,,,,,,,
img_4s67y.png,kitchens,4,8,1,oddball,old,1,1,,,,,,,,,
bui-hoang-long-os6khQjPF_A-unsplash_resized.jpg,target,1,0,1,oddball,old,1,1,,,,,,,,,
img_i3eml.png,kitchens,4,8,1,oddball,old,1,1,,,,,,,,,
bathroom-6893117_1920_resized.jpg,nontarget,2,0,1,oddball,old,1,1,,,,,,,,,
img_jdkip.png,kitchens,4,10,1,oddball,old,1,1,,,,,,,,,
brad-vVPotIGREhY-unsplash_resized.jpg,target,1,0,1,oddball,old,1,1,,,,,,,,,
img_a2mx2.png,kitchens,4,8,1,oddball,old,1,1,,,,,,,,,
alex-tyson-trSptCbWxAo-unsplash_resized.jpg,nontarget,2,0,1,oddball,old,1,1,,,,,,,,,
img_39hz5.png,kitchens,4,10,1,oddball,old,1,1,,,,,,,,,
cheungyin-8TEj9frsgO0-unsplash_resized.jpg,target,1,0,1,oddball,old,1,1,,,,,,,,,
img_jlw8j.png,kitchens,4,9,1,oddball,old,1,1,,,,,,,,,
bilal-mansuri-cxpB9IPVjDM-unsplash_resized.jpg,nontarget,2,0,1,oddball,old,1,1,,,,,,,,,
img_j6uoq.png,kitchens,4,6,1,oddball,old,1,1,,,,,,,,,
bathroom-335748_1920_resized.jpg,nontarget,2,0,1,oddball,old,1,1,,,,,,,,,
img_7xzhf.png,kitchens,4,6,1,oddball,old,1,1,,,,,,,,,
bathroom-8428429_1920_resized.jpg,nontarget,2,0,1,oddball,old,1,1,,,,,,,,,
img_i2k07.png,kitchens,4,3,1,oddball,old,1,1,,,,,,,,,
img_z293c.png,kitchens,4,5,1,oddball,old,1,1,,,,,,,,,
bathroom-1336165_1280_resized.jpg,nontarget,2,0,1,oddball,old,1,1,,,,,,,,,
img_es115.png,kitchens,4,8,1,oddball,old,1,1,,,,,,,,,
img_t27my.png,kitchens,4,1,1,oddball,old,1,1,,,,,,,,,
bruno-guerrero-hsLEinH0XrU-unsplash_resized.jpg,target,1,0,1,oddball,old,1,1,,,,,,,,,
img_3y35o.png,kitchens,4,10,1,oddball,old,1,1,,,,,,,,,
alan-alves-yUtPwsEau8I-unsplash_resized.jpg,target,1,0,1,oddball,old,1,1,,,,,,,,,
img_yeh72.png,kitchens,4,4,1,oddball,old,1,1,,,,,,,,,
img_qmgwq.png,kitchens,4,9,1,oddball,old,1,1,,,,,,,,,
aquilion-property-dZYYr4rO3DI-unsplash_resized.jpg,nontarget,2,0,1,oddball,old,1,1,,,,,,,,,
img_o19em.png,kitchens,4,7,1,oddball,old,1,1,,,,,,,,,
img_gztbt.png,kitchens,4,2,1,oddball,old,1,1,,,,,,,,,
antoine-gravier-2QxjeVERIPw-unsplash_resized.jpg,nontarget,2,0,1,oddball,old,1,1,,,,,,,,,
img_89rmb.png,kitchens,4,2,1,oddball,old,1,1,,,,,,,,,
adly-hakim-GiUH0K__cmQ-unsplash_resized.jpg,target,1,0,1,oddball,old,1,1,,,,,,,,,
img_lpj57.png,kitchens,4,6,1,oddball,old,1,1,,,,,,,,,
img_ye5sl.png,kitchens,4,2,1,oddball,old,1,1,,,,,,,,,
img_c30d1.png,kitchens,4,8,1,oddball,old,1,1,,,,,,,,,
alexander-fife-6fWlqSqzWus-unsplash_resized.jpg,nontarget,2,0,1,oddball,old,1,1,,,,,,,,,
img_18r80.png,kitchens,4,10,1,oddball,old,1,1,,,,,,,,,
chuttersnap-ktdmaxlkKtI-unsplash_resized.jpg,target,1,0,1,oddball,old,1,1,,,,,,,,,
img_a220l.png,kitchens,4,8,1,oddball,old,1,1,,,,,,,,,
bathroom-8323932_1920_resized.jpg,nontarget,2,0,1,oddball,old,1,1,,,,,,,,,
img_4d0aw.png,kitchens,4,6,1,oddball,old,1,1,,,,,,,,,
bathroom-8260426_1920_resized.jpg,nontarget,2,0,1,oddball,old,1,1,,,,,,,,,
img_inqod.png,kitchens,4,5,1,oddball,old,1,1,,,,,,,,,
brad-2Vl1JZFmtOw-unsplash_resized.jpg,target,1,0,1,oddball,old,1,1,,,,,,,,,
img_v176l.png,kitchens,4,1,1,oddball,old,1,1,,,,,,,,,
img_84s7n.png,kitchens,4,1,1,oddball,old,1,1,,,,,,,,,
annie-vo-H6JDMQ0ym8k-unsplash_resized.jpg,target,1,0,1,oddball,old,1,1,,,,,,,,,
img_y5xn1.png,kitchens,4,9,1,oddball,old,1,1,,,,,,,,,
img_7ucnr.png,kitchens,4,5,1,oddball,old,1,1,,,,,,,,,
img_6j727.png,kitchens,4,9,1,oddball,old,1,1,,,,,,,,,
img_2d3c2.png,kitchens,4,10,1,oddball,old,1,1,,,,,,,,,
caique-morais-4ckTrPZzPgk-unsplash_resized.jpg,target,1,0,1,oddball,old,1,1,,,,,,,,,
img_3a6lc.png,kitchens,4,7,1,oddball,old,1,1,,,,,,,,,
brad-3v5yG5u8L0Y-unsplash_resized.jpg,target,1,0,1,oddball,old,1,1,,,,,,,,,
img_xguy9.png,kitchens,4,7,1,memory,old,1,1,,,,,,,,,
img_lgyo6.png,kitchens,4,2,1,memory,new,2,1,,,,,,,,,
img_3y35o.png,kitchens,4,10,1,memory,old,1,1,,,,,,,,,
img_3tnh4.png,kitchens,4,8,1,memory,new,2,1,,,,,,,,,
img_3shmp.png,kitchens,4,7,1,memory,new,2,1,,,,,,,,,
img_c30d1.png,kitchens,4,8,1,memory,old,1,1,,,,,,,,,
img_ub9nn.png,kitchens,4,8,1,memory,new,2,1,,,,,,,,,
img_xtb79.png,kitchens,4,2,1,memory,new,2,1,,,,,,,,,
img_60242.png,kitchens,4,7,1,memory,old,1,1,,,,,,,,,
img_89rmb.png,kitchens,4,2,1,memory,old,1,1,,,,,,,,,
img_i2k07.png,kitchens,4,3,1,memory,old,1,1,,,,,,,,,
img_4d0aw.png,kitchens,4,6,1,memory,old,1,1,,,,,,,,,
img_ensho.png,kitchens,4,6,1,memory,new,2,1,,,,,,,,,
img_jz3kd.png,kitchens,4,6,1,memory,new,2,1,,,,,,,,,
img_mgnmm.png,kitchens,4,8,1,memory,new,2,1,,,,,,,,,
img_cnyac.png,kitchens,4,5,1,memory,old,1,1,,,,,,,,,
img_durse.png,kitchens,4,6,1,memory,new,2,1,,,,,,,,,
img_qwjcs.png,kitchens,4,7,1,memory,new,2,1,,,,,,,,,
img_z293c.png,kitchens,4,5,1,memory,old,1,1,,,,,,,,,
img_ce9vx.png,kitchens,4,7,1,memory,new,2,1,,,,,,,,,
img_57os5.png,kitchens,4,9,1,memory,old,1,1,,,,,,,,,
img_uspja.png,kitchens,4,2,1,memory,new,2,1,,,,,,,,,
img_p3hpc.png,kitchens,4,6,1,memory,new,2,1,,,,,,,,,
img_k3abb.png,kitchens,4,1,1,memory,new,2,1,,,,,,,,,
img_66ncr.png,kitchens,4,6,1,memory,new,2,1,,,,,,,,,
img_58n4j.png,kitchens,4,8,1,memory,old,1,1,,,,,,,,,
img_72hmj.png,kitchens,4,10,1,memory,old,1,1,,,,,,,,,
img_be0j0.png,kitchens,4,7,1,memory,new,2,1,,,,,,,,,
img_05flq.png,kitchens,4,1,1,memory,new,2,1,,,,,,,,,
img_ewrjk.png,kitchens,4,6,1,memory,new,2,1,,,,,,,,,
img_lpj57.png,kitchens,4,6,1,memory,old,1,1,,,,,,,,,
img_xrzk6.png,kitchens,4,6,1,memory,old,1,1,,,,,,,,,
img_t27my.png,kitchens,4,1,1,memory,old,1,1,,,,,,,,,
img_wppku.png,kitchens,4,6,1,memory,new,2,1,,,,,,,,,
img_4s67y.png,kitchens,4,8,1,memory,old,1,1,,,,,,,,,
img_v176l.png,kitchens,4,1,1,memory,old,1,1,,,,,,,,,
img_7xzhf.png,kitchens,4,6,1,memory,old,1,1,,,,,,,,,
img_fhm45.png,kitchens,4,7,1,memory,new,2,1,,,,,,,,,
img_i3eml.png,kitchens,4,8,1,memory,old,1,1,,,,,,,,,
img_3a6lc.png,kitchens,4,7,1,memory,old,1,1,,,,,,,,,
img_ye5sl.png,kitchens,4,2,1,memory,old,1,1,,,,,,,,,
img_7pgd2.png,kitchens,4,8,1,memory,new,2,1,,,,,,,,,
img_552an.png,kitchens,4,8,1,memory,old,1,1,,,,,,,,,
img_xnyo5.png,kitchens,4,1,1,memory,new,2,1,,,,,,,,,
img_mawe6.png,kitchens,4,9,1,memory,old,1,1,,,,,,,,,
img_zi8qc.png,kitchens,4,7,1,memory,new,2,1,,,,,,,,,
img_18r80.png,kitchens,4,10,1,memory,old,1,1,,,,,,,,,
img_y5xn1.png,kitchens,4,9,1,memory,old,1,1,,,,,,,,,
img_ikk62.png,kitchens,4,1,1,memory,new,2,1,,,,,,,,,
img_cxpff.png,kitchens,4,6,1,memory,new,2,1,,,,,,,,,
img_es7o2.png,kitchens,4,2,1,memory,new,2,1,,,,,,,,,
img_o19em.png,kitchens,4,7,1,memory,old,1,1,,,,,,,,,
img_0mhms.png,kitchens,4,7,1,memory,old,1,1,,,,,,,,,
img_7wul8.png,kitchens,4,1,1,memory,new,2,1,,,,,,,,,
img_yeh72.png,kitchens,4,4,1,memory,old,1,1,,,,,,,,,
img_e0hwx.png,kitchens,4,7,1,memory,new,2,1,,,,,,,,,
img_7w5tw.png,kitchens,4,2,1,memory,new,2,1,,,,,,,,,
img_iyxnj.png,kitchens,4,6,1,memory,new,2,1,,,,,,,,,
img_inqod.png,kitchens,4,5,1,memory,old,1,1,,,,,,,,,
img_gztbt.png,kitchens,4,2,1,memory,old,1,1,,,,,,,,,
img_2d3c2.png,kitchens,4,10,1,memory,old,1,1,,,,,,,,,
img_nyv2b.png,kitchens,4,1,1,memory,new,2,1,,,,,,,,,
img_f14d7.png,kitchens,4,7,1,memory,new,2,1,,,,,,,,,
img_0uiwg.png,kitchens,4,6,1,memory,new,2,1,,,,,,,,,
img_uwv6y.png,kitchens,4,8,1,memory,new,2,1,,,,,,,,,
img_m8krt.png,kitchens,4,6,1,memory,new,2,1,,,,,,,,,
img_mjxmq.png,kitchens,4,7,1,memory,new,2,1,,,,,,,,,
img_23ged.png,kitchens,4,6,1,memory,old,1,1,,,,,,,,,
img_njmgp.png,kitchens,4,8,1,memory,new,2,1,,,,,,,,,
img_t1cr9.png,kitchens,4,6,1,memory,old,1,1,,,,,,,,,
img_84s7n.png,kitchens,4,1,1,memory,old,1,1,,,,,,,,,
img_anjr0.png,kitchens,4,4,1,memory,old,1,1,,,,,,,,,
img_a2mx2.png,kitchens,4,8,1,memory,old,1,1,,,,,,,,,
img_diq9d.png,kitchens,4,9,1,memory,old,1,1,,,,,,,,,
img_a220l.png,kitchens,4,8,1,memory,old,1,1,,,,,,,,,
img_os8fo.png,kitchens,4,6,1,memory,new,2,1,,,,,,,,,
img_6nbgt.png,kitchens,4,7,1,memory,new,2,1,,,,,,,,,
img_qihxi.png,kitchens,4,7,1,memory,new,2,1,,,,,,,,,
img_qmgwq.png,kitchens,4,9,1,memory,old,1,1,,,,,,,,,
img_cwokj.png,kitchens,4,6,1,memory,new,2,1,,,,,,,,,
img_6j727.png,kitchens,4,9,1,memory,old,1,1,,,,,,,,,
img_1m0fn.png,kitchens,4,9,1,memory,old,1,1,,,,,,,,,
img_es115.png,kitchens,4,8,1,memory,old,1,1,,,,,,,,,
img_atzjw.png,kitchens,4,1,1,memory,old,1,1,,,,,,,,,
img_39hz5.png,kitchens,4,10,1,memory,old,1,1,,,,,,,,,
img_7ucnr.png,kitchens,4,5,1,memory,old,1,1,,,,,,,,,
img_lszzj.png,kitchens,4,4,1,memory,old,1,1,,,,,,,,,
img_exxip.png,kitchens,4,7,1,memory,new,2,1,,,,,,,,,
img_463mq.png,kitchens,4,2,1,memory,new,2,1,,,,,,,,,
img_jdkip.png,kitchens,4,10,1,memory,old,1,1,,,,,,,,,
img_kugyw.png,kitchens,4,6,1,memory,new,2,1,,,,,,,,,
img_29gyt.png,kitchens,4,6,1,memory,old,1,1,,,,,,,,,
img_7wquy.png,kitchens,4,2,1,memory,new,2,1,,,,,,,,,
img_5pmhd.png,kitchens,4,7,1,memory,new,2,1,,,,,,,,,
img_7ed9m.png,kitchens,4,8,1,memory,old,1,1,,,,,,,,,
img_j6uoq.png,kitchens,4,6,1,memory,old,1,1,,,,,,,,,
img_uegbb.png,kitchens,4,8,1,memory,new,2,1,,,,,,,,,
img_di49w.png,kitchens,4,6,1,memory,new,2,1,,,,,,,,,
img_faly8.png,kitchens,4,1,1,memory,new,2,1,,,,,,,,,
img_01w8b.png,kitchens,4,8,1,memory,new,2,1,,,,,,,,,
img_cfarv.png,kitchens,4,1,1,memory,new,2,1,,,,,,,,,
img_jlw8j.png,kitchens,4,9,1,memory,old,1,1,,,,,,,,,
pexels-fotoaibe-1571462_resized.jpg,nontarget,2,0,2,oddball,old,1,4,,,,,,,,,
img_h0hbk.png,bedrooms,3,9,2,oddball,old,1,4,,,,,,,,,
pexels-hakimsatoso-3634742_resized.jpg,nontarget,2,0,2,oddball,old,1,4,,,,,,,,,
img_j5nfe.png,bedrooms,3,6,2,oddball,old,1,4,,,,,,,,,
nrd-rqVgx85r6B4-unsplash_resized.jpg,target,1,0,2,oddball,old,1,4,,,,,,,,,
img_z3yzz.png,bedrooms,3,5,2,oddball,old,1,4,,,,,,,,,
pexels-heyho-6636300_resized.jpg,nontarget,2,0,2,oddball,old,1,4,,,,,,,,,
img_bflfy.png,bedrooms,3,9,2,oddball,old,1,4,,,,,,,,,
nrd-M7jpkJvXGOI-unsplash_resized.jpg,target,1,0,2,oddball,old,1,4,,,,,,,,,
img_dv86p.png,bedrooms,3,7,2,oddball,old,1,4,,,,,,,,,
kleomenis-spyroglou-SFo3vOgDpTo-unsplash_resized.jpg,target,1,0,2,oddball,old,1,4,,,,,,,,,
img_zi682.png,bedrooms,3,9,2,oddball,old,1,4,,,,,,,,,
pexels-heyho-6487944_resized.jpg,nontarget,2,0,2,oddball,old,1,4,,,,,,,,,
img_72fmj.png,bedrooms,3,3,2,oddball,old,1,4,,,,,,,,,
img_a8y4y.png,bedrooms,3,6,2,oddball,old,1,4,,,,,,,,,
img_ah5vo.png,bedrooms,3,9,2,oddball,old,1,4,,,,,,,,,
pexels-christa-grover-977018-1910472_resized.jpg,nontarget,2,0,2,oddball,old,1,4,,,,,,,,,
img_58ujj.png,bedrooms,3,8,2,oddball,old,1,4,,,,,,,,,
img_jfbpi.png,bedrooms,3,4,2,oddball,old,1,4,,,,,,,,,
img_bntrh.png,bedrooms,3,6,2,oddball,old,1,4,,,,,,,,,
pexels-heyho-6316060_resized.jpg,nontarget,2,0,2,oddball,old,1,4,,,,,,,,,
img_njear.png,bedrooms,3,7,2,oddball,old,1,4,,,,,,,,,
img_g2akb.png,bedrooms,3,10,2,oddball,old,1,4,,,,,,,,,
img_qgbyn.png,bedrooms,3,4,2,oddball,old,1,4,,,,,,,,,
kenny-n_ihZFYFCGU-unsplash_resized.jpg,target,1,0,2,oddball,old,1,4,,,,,,,,,
img_aellb.png,bedrooms,3,7,2,oddball,old,1,4,,,,,,,,,
nathalia-rosa-rWMIbqmOxrY-unsplash_resized.jpg,target,1,0,2,oddball,old,1,4,,,,,,,,,
img_t0a2l.png,bedrooms,3,8,2,oddball,old,1,4,,,,,,,,,
pexels-arina-krasnikova-6653896_resized.jpg,nontarget,2,0,2,oddball,old,1,4,,,,,,,,,
img_yteqw.png,bedrooms,3,4,2,oddball,old,1,4,,,,,,,,,
nay-myat-min-run1noRcXf0-unsplash_resized.jpg,target,1,0,2,oddball,old,1,4,,,,,,,,,
img_h0px5.png,bedrooms,3,9,2,oddball,old,1,4,,,,,,,,,
pexels-andreaedavis-13757468_resized.jpg,nontarget,2,0,2,oddball,old,1,4,,,,,,,,,
img_3a2r2.png,bedrooms,3,10,2,oddball,old,1,4,,,,,,,,,
img_ce55l.png,bedrooms,3,8,2,oddball,old,1,4,,,,,,,,,
img_ozxpp.png,bedrooms,3,1,2,oddball,old,1,4,,,,,,,,,
img_aki78.png,bedrooms,3,10,2,oddball,old,1,4,,,,,,,,,
kelvin-zyteng-NTdBYpClJJk-unsplash_resized.jpg,target,1,0,2,oddball,old,1,4,,,,,,,,,
img_gym7g.png,bedrooms,3,10,2,oddball,old,1,4,,,,,,,,,
kenny-eliason-SvhXD3kPSTY-unsplash_resized.jpg,target,1,0,2,oddball,old,1,4,,,,,,,,,
img_91csq.png,bedrooms,3,2,2,oddball,old,1,4,,,,,,,,,
muhammad-asysyahiid-FmPMjKw14ms-unsplash_resized.jpg,target,1,0,2,oddball,old,1,4,,,,,,,,,
img_c4uwt.png,bedrooms,3,2,2,oddball,old,1,4,,,,,,,,,
markus-winkler-wRfL8v76gp8-unsplash_resized.jpg,target,1,0,2,oddball,old,1,4,,,,,,,,,
img_f4jxo.png,bedrooms,3,8,2,oddball,old,1,4,,,,,,,,,
khuc-le-thanh-danh-gFJRgtzPNVc-unsplash_resized.jpg,target,1,0,2,oddball,old,1,4,,,,,,,,,
img_6dves.png,bedrooms,3,7,2,oddball,old,1,4,,,,,,,,,
pexels-heyho-6436770_resized.jpg,nontarget,2,0,2,oddball,old,1,4,,,,,,,,,
img_lzix2.png,bedrooms,3,9,2,oddball,old,1,4,,,,,,,,,
img_7caxh.png,bedrooms,3,8,2,oddball,old,1,4,,,,,,,,,
img_47k1j.png,bedrooms,3,4,2,oddball,old,1,4,,,,,,,,,
pexels-heyho-6301176_resized.jpg,nontarget,2,0,2,oddball,old,1,4,,,,,,,,,
img_1vq1v.png,bedrooms,3,5,2,oddball,old,1,4,,,,,,,,,
minh-pc-PWwdsotPUok-unsplash_resized.jpg,target,1,0,2,oddball,old,1,4,,,,,,,,,
img_6ddrx.png,bedrooms,3,8,2,oddball,old,1,4,,,,,,,,,
pexels-curtis-adams-1694007-3935352_resized.jpg,nontarget,2,0,2,oddball,old,1,4,,,,,,,,,
img_gv750.png,bedrooms,3,8,2,oddball,old,1,4,,,,,,,,,
morgan-vander-hart-QICueXvfH3U-unsplash_resized.jpg,target,1,0,2,oddball,old,1,4,,,,,,,,,
img_gxm46.png,bedrooms,3,6,2,oddball,old,1,4,,,,,,,,,
pexels-curtis-adams-1694007-14495969_resized.jpg,nontarget,2,0,2,oddball,old,1,4,,,,,,,,,
img_dwe2q.png,bedrooms,3,9,2,oddball,old,1,4,,,,,,,,,
osarugue-igbinoba-1t-mONY1Vbk-unsplash_resized.jpg,target,1,0,2,oddball,old,1,4,,,,,,,,,
img_0zzo4.png,bedrooms,3,7,2,oddball,old,1,4,,,,,,,,,
luna-wang-vhiyUm4aGi4-unsplash_resized.jpg,target,1,0,2,oddball,old,1,4,,,,,,,,,
img_5k4cy.png,bedrooms,3,9,2,oddball,old,1,4,,,,,,,,,
pexels-curtis-adams-1694007-3288104_resized.jpg,nontarget,2,0,2,oddball,old,1,4,,,,,,,,,
img_md6k3.png,bedrooms,3,8,2,oddball,old,1,4,,,,,,,,,
img_uttnz.png,bedrooms,3,5,2,oddball,old,1,4,,,,,,,,,
img_jr212.png,bedrooms,3,3,2,oddball,old,1,4,,,,,,,,,
img_h2i7r.png,bedrooms,3,9,2,oddball,old,1,4,,,,,,,,,
img_91ht8.png,bedrooms,3,10,2,oddball,old,1,4,,,,,,,,,
marques-thomas-8vgsOVj0OfM-unsplash_resized.jpg,target,1,0,2,oddball,old,1,4,,,,,,,,,
img_9z99v.png,bedrooms,3,8,2,oddball,old,1,4,,,,,,,,,
img_b89t4.png,bedrooms,3,5,2,oddball,old,1,4,,,,,,,,,
pexels-heyho-6207818_resized.jpg,nontarget,2,0,2,oddball,old,1,4,,,,,,,,,
img_bklr1.png,bedrooms,3,9,2,oddball,old,1,4,,,,,,,,,
pexels-heyho-6487948_resized.jpg,nontarget,2,0,2,oddball,old,1,4,,,,,,,,,
img_bpyv5.png,bedrooms,3,3,2,oddball,old,1,4,,,,,,,,,
pexels-fotoaibe-3741317_resized.jpg,nontarget,2,0,2,oddball,old,1,4,,,,,,,,,
img_cust8.png,bedrooms,3,10,2,oddball,old,1,4,,,,,,,,,
miquel-parera-ow6DGFDTF7c-unsplash_resized.jpg,target,1,0,2,oddball,old,1,4,,,,,,,,,
img_otfo3.png,bedrooms,3,1,2,oddball,old,1,4,,,,,,,,,
img_d7iri.png,bedrooms,3,9,2,oddball,old,1,4,,,,,,,,,
img_os89g.png,bedrooms,3,9,2,oddball,old,1,4,,,,,,,,,
pexels-christa-grover-977018-1909791_resized.jpg,nontarget,2,0,2,oddball,old,1,4,,,,,,,,,
img_xilm6.png,bedrooms,3,9,2,memory,new,2,4,,,,,,,,,
img_ilxas.png,bedrooms,3,10,2,memory,new,2,4,,,,,,,,,
img_gsfx4.png,bedrooms,3,3,2,memory,new,2,4,,,,,,,,,
img_t0a2l.png,bedrooms,3,8,2,memory,old,1,4,,,,,,,,,
img_bpyv5.png,bedrooms,3,3,2,memory,old,1,4,,,,,,,,,
img_jfbpi.png,bedrooms,3,4,2,memory,old,1,4,,,,,,,,,
img_qgbyn.png,bedrooms,3,4,2,memory,old,1,4,,,,,,,,,
img_ozxpp.png,bedrooms,3,1,2,memory,old,1,4,,,,,,,,,
img_h0px5.png,bedrooms,3,9,2,memory,old,1,4,,,,,,,,,
img_z3yzz.png,bedrooms,3,5,2,memory,old,1,4,,,,,,,,,
img_nn7hq.png,bedrooms,3,8,2,memory,new,2,4,,,,,,,,,
img_0548r.png,bedrooms,3,8,2,memory,new,2,4,,,,,,,,,
img_yju0d.png,bedrooms,3,9,2,memory,new,2,4,,,,,,,,,
img_0zzo4.png,bedrooms,3,7,2,memory,old,1,4,,,,,,,,,
img_2pk6v.png,bedrooms,3,9,2,memory,new,2,4,,,,,,,,,
img_0nckg.png,bedrooms,3,4,2,memory,new,2,4,,,,,,,,,
img_1vq1v.png,bedrooms,3,5,2,memory,old,1,4,,,,,,,,,
img_fnopw.png,bedrooms,3,8,2,memory,new,2,4,,,,,,,,,
img_h0hbk.png,bedrooms,3,9,2,memory,old,1,4,,,,,,,,,
img_d7iri.png,bedrooms,3,9,2,memory,old,1,4,,,,,,,,,
img_bdz92.png,bedrooms,3,4,2,memory,new,2,4,,,,,,,,,
img_78fxr.png,bedrooms,3,9,2,memory,new,2,4,,,,,,,,,
img_fl5cd.png,bedrooms,3,10,2,memory,new,2,4,,,,,,,,,
img_6ddrx.png,bedrooms,3,8,2,memory,old,1,4,,,,,,,,,
img_ejfm6.png,bedrooms,3,8,2,memory,new,2,4,,,,,,,,,
img_yteqw.png,bedrooms,3,4,2,memory,old,1,4,,,,,,,,,
img_npkd5.png,bedrooms,3,9,2,memory,new,2,4,,,,,,,,,
img_o37la.png,bedrooms,3,4,2,memory,new,2,4,,,,,,,,,
img_47k1j.png,bedrooms,3,4,2,memory,old,1,4,,,,,,,,,
img_7caxh.png,bedrooms,3,8,2,memory,old,1,4,,,,,,,,,
img_aki78.png,bedrooms,3,10,2,memory,old,1,4,,,,,,,,,
img_g2akb.png,bedrooms,3,10,2,memory,old,1,4,,,,,,,,,
img_2dnfy.png,bedrooms,3,3,2,memory,new,2,4,,,,,,,,,
img_and1v.png,bedrooms,3,8,2,memory,new,2,4,,,,,,,,,
img_h2i7r.png,bedrooms,3,9,2,memory,old,1,4,,,,,,,,,
img_ic3os.png,bedrooms,3,9,2,memory,new,2,4,,,,,,,,,
img_91ht8.png,bedrooms,3,10,2,memory,old,1,4,,,,,,,,,
img_okvvw.png,bedrooms,3,2,2,memory,new,2,4,,,,,,,,,
img_bflfy.png,bedrooms,3,9,2,memory,old,1,4,,,,,,,,,
img_x0u5z.png,bedrooms,3,10,2,memory,new,2,4,,,,,,,,,
img_c4uwt.png,bedrooms,3,2,2,memory,old,1,4,,,,,,,,,
img_gym7g.png,bedrooms,3,10,2,memory,old,1,4,,,,,,,,,
img_ik9n7.png,bedrooms,3,9,2,memory,new,2,4,,,,,,,,,
img_s044n.png,bedrooms,3,9,2,memory,new,2,4,,,,,,,,,
img_q7p8m.png,bedrooms,3,8,2,memory,new,2,4,,,,,,,,,
img_4utvc.png,bedrooms,3,8,2,memory,new,2,4,,,,,,,,,
img_ah5vo.png,bedrooms,3,9,2,memory,old,1,4,,,,,,,,,
img_cogrz.png,bedrooms,3,3,2,memory,new,2,4,,,,,,,,,
img_fnu4h.png,bedrooms,3,9,2,memory,new,2,4,,,,,,,,,
img_6dves.png,bedrooms,3,7,2,memory,old,1,4,,,,,,,,,
img_uttnz.png,bedrooms,3,5,2,memory,old,1,4,,,,,,,,,
img_aellb.png,bedrooms,3,7,2,memory,old,1,4,,,,,,,,,
img_swcci.png,bedrooms,3,2,2,memory,new,2,4,,,,,,,,,
img_t2ioc.png,bedrooms,3,10,2,memory,new,2,4,,,,,,,,,
img_d5947.png,bedrooms,3,10,2,memory,new,2,4,,,,,,,,,
img_5k4cy.png,bedrooms,3,9,2,memory,old,1,4,,,,,,,,,
img_otfo3.png,bedrooms,3,1,2,memory,old,1,4,,,,,,,,,
img_mbdnp.png,bedrooms,3,10,2,memory,new,2,4,,,,,,,,,
img_ybbmx.png,bedrooms,3,3,2,memory,new,2,4,,,,,,,,,
img_91csq.png,bedrooms,3,2,2,memory,old,1,4,,,,,,,,,
img_bntrh.png,bedrooms,3,6,2,memory,old,1,4,,,,,,,,,
img_kkqxu.png,bedrooms,3,10,2,memory,new,2,4,,,,,,,,,
img_v0i83.png,bedrooms,3,8,2,memory,new,2,4,,,,,,,,,
img_t4hvr.png,bedrooms,3,3,2,memory,new,2,4,,,,,,,,,
img_b2jli.png,bedrooms,3,8,2,memory,new,2,4,,,,,,,,,
img_q8u19.png,bedrooms,3,10,2,memory,new,2,4,,,,,,,,,
img_sgt5b.png,bedrooms,3,10,2,memory,new,2,4,,,,,,,,,
img_lzix2.png,bedrooms,3,9,2,memory,old,1,4,,,,,,,,,
img_jr212.png,bedrooms,3,3,2,memory,old,1,4,,,,,,,,,
img_qdry3.png,bedrooms,3,10,2,memory,new,2,4,,,,,,,,,
img_f4jxo.png,bedrooms,3,8,2,memory,old,1,4,,,,,,,,,
img_ce55l.png,bedrooms,3,8,2,memory,old,1,4,,,,,,,,,
img_ogcv5.png,bedrooms,3,10,2,memory,new,2,4,,,,,,,,,
img_72fmj.png,bedrooms,3,3,2,memory,old,1,4,,,,,,,,,
img_a8y4y.png,bedrooms,3,6,2,memory,old,1,4,,,,,,,,,
img_th7xh.png,bedrooms,3,8,2,memory,new,2,4,,,,,,,,,
img_bklr1.png,bedrooms,3,9,2,memory,old,1,4,,,,,,,,,
img_gxm46.png,bedrooms,3,6,2,memory,old,1,4,,,,,,,,,
img_aweye.png,bedrooms,3,2,2,memory,new,2,4,,,,,,,,,
img_md6k3.png,bedrooms,3,8,2,memory,old,1,4,,,,,,,,,
img_os89g.png,bedrooms,3,9,2,memory,old,1,4,,,,,,,,,
img_cust8.png,bedrooms,3,10,2,memory,old,1,4,,,,,,,,,
img_krd7g.png,bedrooms,3,8,2,memory,new,2,4,,,,,,,,,
img_58ujj.png,bedrooms,3,8,2,memory,old,1,4,,,,,,,,,
img_w5vvu.png,bedrooms,3,9,2,memory,new,2,4,,,,,,,,,
img_5il0t.png,bedrooms,3,2,2,memory,new,2,4,,,,,,,,,
img_i7vab.png,bedrooms,3,9,2,memory,new,2,4,,,,,,,,,
img_badai.png,bedrooms,3,4,2,memory,new,2,4,,,,,,,,,
img_j5nfe.png,bedrooms,3,6,2,memory,old,1,4,,,,,,,,,
img_9z99v.png,bedrooms,3,8,2,memory,old,1,4,,,,,,,,,
img_gv750.png,bedrooms,3,8,2,memory,old,1,4,,,,,,,,,
img_a2pkp.png,bedrooms,3,10,2,memory,new,2,4,,,,,,,,,
img_kljj4.png,bedrooms,3,4,2,memory,new,2,4,,,,,,,,,
img_dwe2q.png,bedrooms,3,9,2,memory,old,1,4,,,,,,,,,
img_b89t4.png,bedrooms,3,5,2,memory,old,1,4,,,,,,,,,
img_zi682.png,bedrooms,3,9,2,memory,old,1,4,,,,,,,,,
img_5ewoj.png,bedrooms,3,10,2,memory,new,2,4,,,,,,,,,
img_v8dra.png,bedrooms,3,3,2,memory,new,2,4,,,,,,,,,
img_ca8kd.png,bedrooms,3,10,2,memory,new,2,4,,,,,,,,,
img_njear.png,bedrooms,3,7,2,memory,old,1,4,,,,,,,,,
img_3a2r2.png,bedrooms,3,10,2,memory,old,1,4,,,,,,,,,
img_dv86p.png,bedrooms,3,7,2,memory,old,1,4,,,,,,,,,
chastity-cortijo-FJLoqqIsSHc-unsplash_resized.jpg,nontarget,2,0,2,oddball,old,1,2,,,,,,,,,
img_aplao.png,kitchens,4,3,2,oddball,old,1,2,,,,,,,,,
chastity-cortijo-6TY_WrJTwSI-unsplash_resized.jpg,nontarget,2,0,2,oddball,old,1,2,,,,,,,,,
img_mr7a9.png,kitchens,4,8,2,oddball,old,1,2,,,,,,,,,
fbelladona-RdWoJZbcQvo-unsplash_resized.jpg,target,1,0,2,oddball,old,1,2,,,,,,,,,
img_7mqbh.png,kitchens,4,9,2,oddball,old,1,2,,,,,,,,,
filmreal-studio-HQYmdYCXm7I-unsplash_resized.jpg,nontarget,2,0,2,oddball,old,1,2,,,,,,,,,
img_3v5w3.png,kitchens,4,10,2,oddball,old,1,2,,,,,,,,,
ella-goPJNof-yYc-unsplash_resized.jpg,target,1,0,2,oddball,old,1,2,,,,,,,,,
img_uy1n4.png,kitchens,4,7,2,oddball,old,1,2,,,,,,,,,
demi-kyu-gZPDNM0VfO8-unsplash_resized.jpg,target,1,0,2,oddball,old,1,2,,,,,,,,,
img_79b5l.png,kitchens,4,6,2,oddball,old,1,2,,,,,,,,,
egor-litvinov-ncKxCn5SI3A-unsplash_resized.jpg,target,1,0,2,oddball,old,1,2,,,,,,,,,
img_esb4r.png,kitchens,4,3,2,oddball,old,1,2,,,,,,,,,
francesca-tosolini-kDtuOUIkwrk-unsplash_resized.jpg,nontarget,2,0,2,oddball,old,1,2,,,,,,,,,
img_d0k76.png,kitchens,4,4,2,oddball,old,1,2,,,,,,,,,
img_kwxq1.png,kitchens,4,4,2,oddball,old,1,2,,,,,,,,,
denis-wcUoMU_g2to-unsplash_resized.jpg,target,1,0,2,oddball,old,1,2,,,,,,,,,
img_4ufga.png,kitchens,4,4,2,oddball,old,1,2,,,,,,,,,
chastity-cortijo-rT0zaQn2r5o-unsplash_resized.jpg,nontarget,2,0,2,oddball,old,1,2,,,,,,,,,
img_048l0.png,kitchens,4,7,2,oddball,old,1,2,,,,,,,,,
deric-yu-dTOWrT0Rkgk-unsplash_resized.jpg,target,1,0,2,oddball,old,1,2,,,,,,,,,
img_fcfjj.png,kitchens,4,7,2,oddball,old,1,2,,,,,,,,,
bilal-mansuri-vTj_dmFGB1Y-unsplash_resized.jpg,nontarget,2,0,2,oddball,old,1,2,,,,,,,,,
img_hfz8w.png,kitchens,4,2,2,oddball,old,1,2,,,,,,,,,
ella-VLopeFqjFf8-unsplash_resized.jpg,target,1,0,2,oddball,old,1,2,,,,,,,,,
img_a8wvq.png,kitchens,4,10,2,oddball,old,1,2,,,,,,,,,
img_ifebc.png,kitchens,4,10,2,oddball,old,1,2,,,,,,,,,
dillon-kydd-sdGHxl9DZqw-unsplash_resized.jpg,target,1,0,2,oddball,old,1,2,,,,,,,,,
img_fi08p.png,kitchens,4,9,2,oddball,old,1,2,,,,,,,,,
daria-strategy-BMnX7L9G5xc-unsplash_resized.jpg,target,1,0,2,oddball,old,1,2,,,,,,,,,
img_rav8j.png,kitchens,4,1,2,oddball,old,1,2,,,,,,,,,
furniture-6778198_1920_resized.jpg,nontarget,2,0,2,oddball,old,1,2,,,,,,,,,
img_q577a.png,kitchens,4,8,2,oddball,old,1,2,,,,,,,,,
img_1s8dl.png,kitchens,4,7,2,oddball,old,1,2,,,,,,,,,
eduardo-soares-ouNWk-_iTmM-unsplash_resized.jpg,target,1,0,2,oddball,old,1,2,,,,,,,,,
img_hkye1.png,kitchens,4,6,2,oddball,old,1,2,,,,,,,,,
eduardo-soares-e4EmPx91Aj4-unsplash_resized.jpg,target,1,0,2,oddball,old,1,2,,,,,,,,,
img_k0ze7.png,kitchens,4,3,2,oddball,old,1,2,,,,,,,,,
img_3m2h0.png,kitchens,4,10,2,oddball,old,1,2,,,,,,,,,
img_xesl0.png,kitchens,4,5,2,oddball,old,1,2,,,,,,,,,
img_sxgfb.png,kitchens,4,6,2,oddball,old,1,2,,,,,,,,,
ella-IpZHInMoYm4-unsplash_resized.jpg,target,1,0,2,oddball,old,1,2,,,,,,,,,
img_9d84u.png,kitchens,4,9,2,oddball,old,1,2,,,,,,,,,
img_t90e2.png,kitchens,4,9,2,oddball,old,1,2,,,,,,,,,
img_z10c7.png,kitchens,4,3,2,oddball,old,1,2,,,,,,,,,
damla-ozkan-psy-nI3562c-unsplash_resized.jpg,target,1,0,2,oddball,old,1,2,,,,,,,,,
img_ua9bs.png,kitchens,4,9,2,oddball,old,1,2,,,,,,,,,
claudio-schwarz-LoelYE8uw7I-unsplash_resized.jpg,target,1,0,2,oddball,old,1,2,,,,,,,,,
img_z44hw.png,kitchens,4,6,2,oddball,old,1,2,,,,,,,,,
img_3gm8h.png,kitchens,4,4,2,oddball,old,1,2,,,,,,,,,
img_9b6yl.png,kitchens,4,10,2,oddball,old,1,2,,,,,,,,,
chastity-cortijo-80c0YaiSFk4-unsplash_resized.jpg,nontarget,2,0,2,oddball,old,1,2,,,,,,,,,
img_uhmld.png,kitchens,4,2,2,oddball,old,1,2,,,,,,,,,
img_2b8fp.png,kitchens,4,6,2,oddball,old,1,2,,,,,,,,,
img_tsf9y.png,kitchens,4,9,2,oddball,old,1,2,,,,,,,,,
erik-mclean-SX7lS9IIk-E-unsplash_resized.jpg,nontarget,2,0,2,oddball,old,1,2,,,,,,,,,
img_411xa.png,kitchens,4,2,2,oddball,old,1,2,,,,,,,,,
img_anfk9.png,kitchens,4,7,2,oddball,old,1,2,,,,,,,,,
enis-yavuz-yy4rMNaL6fw-unsplash_resized.jpg,nontarget,2,0,2,oddball,old,1,2,,,,,,,,,
img_1vukv.png,kitchens,4,7,2,oddball,old,1,2,,,,,,,,,
filios-sazeides-qeIuFR5vPm8-unsplash_resized.jpg,nontarget,2,0,2,oddball,old,1,2,,,,,,,,,
img_667w7.png,kitchens,4,9,2,oddball,old,1,2,,,,,,,,,
img_1ao2d.png,kitchens,4,1,2,oddball,old,1,2,,,,,,,,,
dmitriy-frantsev-36ofMxq8yXo-unsplash_resized.jpg,nontarget,2,0,2,oddball,old,1,2,,,,,,,,,
img_jgqri.png,kitchens,4,10,2,oddball,old,1,2,,,,,,,,,
img_u9f9l.png,kitchens,4,7,2,oddball,old,1,2,,,,,,,,,
fernando-cascante-AqP6drQ5Q70-unsplash_resized.jpg,target,1,0,2,oddball,old,1,2,,,,,,,,,
img_ncr40.png,kitchens,4,6,2,oddball,old,1,2,,,,,,,,,
img_eppte.png,kitchens,4,7,2,oddball,old,1,2,,,,,,,,,
cameron-smith-CTxNVSiWZBw-unsplash_resized.jpg,nontarget,2,0,2,oddball,old,1,2,,,,,,,,,
img_eatdk.png,kitchens,4,8,2,oddball,old,1,2,,,,,,,,,
img_nzqfw.png,kitchens,4,10,2,oddball,old,1,2,,,,,,,,,
img_8zf2f.png,kitchens,4,8,2,oddball,old,1,2,,,,,,,,,
condo-3499679_1920_resized.jpg,nontarget,2,0,2,oddball,old,1,2,,,,,,,,,
img_xti0z.png,kitchens,4,8,2,oddball,old,1,2,,,,,,,,,
francesca-tosolini-FX1EbT-jKBQ-unsplash_resized.jpg,nontarget,2,0,2,oddball,old,1,2,,,,,,,,,
img_rpdms.png,kitchens,4,7,2,oddball,old,1,2,,,,,,,,,
colin-watts-fpcsSULC1E8-unsplash_resized.jpg,nontarget,2,0,2,oddball,old,1,2,,,,,,,,,
img_bwo9g.png,kitchens,4,4,2,oddball,old,1,2,,,,,,,,,
dan-counsell-CQeKvOTrGuQ-unsplash_resized.jpg,nontarget,2,0,2,oddball,old,1,2,,,,,,,,,
img_ykoa1.png,kitchens,4,7,2,oddball,old,1,2,,,,,,,,,
fahmi-huwaidy-nTTWXL_dMW8-unsplash_resized.jpg,target,1,0,2,oddball,old,1,2,,,,,,,,,
img_oz18d.png,kitchens,4,8,2,oddball,old,1,2,,,,,,,,,
diykaree-OyRjW9n_p4s-unsplash_resized.jpg,target,1,0,2,oddball,old,1,2,,,,,,,,,
img_l9t30.png,kitchens,4,4,2,memory,new,2,2,,,,,,,,,
img_p659z.png,kitchens,4,9,2,memory,new,2,2,,,,,,,,,
img_eppte.png,kitchens,4,7,2,memory,old,1,2,,,,,,,,,
img_fcfjj.png,kitchens,4,7,2,memory,old,1,2,,,,,,,,,
img_ykoa1.png,kitchens,4,7,2,memory,old,1,2,,,,,,,,,
img_mdlpz.png,kitchens,4,10,2,memory,new,2,2,,,,,,,,,
img_1s8dl.png,kitchens,4,7,2,memory,old,1,2,,,,,,,,,
img_as3da.png,kitchens,4,9,2,memory,new,2,2,,,,,,,,,
img_aplao.png,kitchens,4,3,2,memory,old,1,2,,,,,,,,,
img_c79r7.png,kitchens,4,2,2,memory,new,2,2,,,,,,,,,
img_sxgfb.png,kitchens,4,6,2,memory,old,1,2,,,,,,,,,
img_30vz5.png,kitchens,4,10,2,memory,new,2,2,,,,,,,,,
img_eatdk.png,kitchens,4,8,2,memory,old,1,2,,,,,,,,,
img_t90e2.png,kitchens,4,9,2,memory,old,1,2,,,,,,,,,
img_3m2h0.png,kitchens,4,10,2,memory,old,1,2,,,,,,,,,
img_z10c7.png,kitchens,4,3,2,memory,old,1,2,,,,,,,,,
img_fi08p.png,kitchens,4,9,2,memory,old,1,2,,,,,,,,,
img_pt3d7.png,kitchens,4,4,2,memory,new,2,2,,,,,,,,,
img_jgqri.png,kitchens,4,10,2,memory,old,1,2,,,,,,,,,
img_xdhz2.png,kitchens,4,3,2,memory,new,2,2,,,,,,,,,
img_667w7.png,kitchens,4,9,2,memory,old,1,2,,,,,,,,,
img_r2lxk.png,kitchens,4,10,2,memory,new,2,2,,,,,,,,,
img_bwo9g.png,kitchens,4,4,2,memory,old,1,2,,,,,,,,,
img_esb4r.png,kitchens,4,3,2,memory,old,1,2,,,,,,,,,
img_93vg8.png,kitchens,4,8,2,memory,new,2,2,,,,,,,,,
img_d0k76.png,kitchens,4,4,2,memory,old,1,2,,,,,,,,,
img_k0ze7.png,kitchens,4,3,2,memory,old,1,2,,,,,,,,,
img_wyl6z.png,kitchens,4,3,2,memory,new,2,2,,,,,,,,,
img_0dege.png,kitchens,4,9,2,memory,new,2,2,,,,,,,,,
img_kwxq1.png,kitchens,4,4,2,memory,old,1,2,,,,,,,,,
img_4ufga.png,kitchens,4,4,2,memory,old,1,2,,,,,,,,,
img_4g6yq.png,kitchens,4,10,2,memory,new,2,2,,,,,,,,,
img_8fpog.png,kitchens,4,10,2,memory,new,2,2,,,,,,,,,
img_rpdms.png,kitchens,4,7,2,memory,old,1,2,,,,,,,,,
img_2rtxu.png,kitchens,4,9,2,memory,new,2,2,,,,,,,,,
img_uy1n4.png,kitchens,4,7,2,memory,old,1,2,,,,,,,,,
img_9mky8.png,kitchens,4,9,2,memory,new,2,2,,,,,,,,,
img_07tdb.png,kitchens,4,8,2,memory,new,2,2,,,,,,,,,
img_c3r29.png,kitchens,4,9,2,memory,new,2,2,,,,,,,,,
img_cv9qj.png,kitchens,4,3,2,memory,new,2,2,,,,,,,,,
img_9b6yl.png,kitchens,4,10,2,memory,old,1,2,,,,,,,,,
img_13ymo.png,kitchens,4,8,2,memory,new,2,2,,,,,,,,,
img_91lbx.png,kitchens,4,3,2,memory,new,2,2,,,,,,,,,
img_1r2ri.png,kitchens,4,3,2,memory,new,2,2,,,,,,,,,
img_s9are.png,kitchens,4,10,2,memory,new,2,2,,,,,,,,,
img_uhmld.png,kitchens,4,2,2,memory,old,1,2,,,,,,,,,
img_hkye1.png,kitchens,4,6,2,memory,old,1,2,,,,,,,,,
img_qmand.png,kitchens,4,10,2,memory,new,2,2,,,,,,,,,
img_kwbzo.png,kitchens,4,10,2,memory,new,2,2,,,,,,,,,
img_vbrb7.png,kitchens,4,10,2,memory,new,2,2,,,,,,,,,
img_fq6gu.png,kitchens,4,9,2,memory,new,2,2,,,,,,,,,
img_1ibl4.png,kitchens,4,8,2,memory,new,2,2,,,,,,,,,
img_u9f9l.png,kitchens,4,7,2,memory,old,1,2,,,,,,,,,
img_ay56d.png,kitchens,4,8,2,memory,new,2,2,,,,,,,,,
img_a8wvq.png,kitchens,4,10,2,memory,old,1,2,,,,,,,,,
img_411xa.png,kitchens,4,2,2,memory,old,1,2,,,,,,,,,
img_5949k.png,kitchens,4,3,2,memory,new,2,2,,,,,,,,,
img_cv6mf.png,kitchens,4,4,2,memory,new,2,2,,,,,,,,,
img_0j24m.png,kitchens,4,3,2,memory,new,2,2,,,,,,,,,
img_hfz8w.png,kitchens,4,2,2,memory,old,1,2,,,,,,,,,
img_jzjqz.png,kitchens,4,10,2,memory,new,2,2,,,,,,,,,
img_nzqfw.png,kitchens,4,10,2,memory,old,1,2,,,,,,,,,
img_q577a.png,kitchens,4,8,2,memory,old,1,2,,,,,,,,,
img_048l0.png,kitchens,4,7,2,memory,old,1,2,,,,,,,,,
img_xti0z.png,kitchens,4,8,2,memory,old,1,2,,,,,,,,,
img_d8xbu.png,kitchens,4,10,2,memory,new,2,2,,,,,,,,,
img_rf540.png,kitchens,4,8,2,memory,new,2,2,,,,,,,,,
img_2b8fp.png,kitchens,4,6,2,memory,old,1,2,,,,,,,,,
img_tsf9y.png,kitchens,4,9,2,memory,old,1,2,,,,,,,,,
img_ps986.png,kitchens,4,10,2,memory,new,2,2,,,,,,,,,
img_9ann0.png,kitchens,4,9,2,memory,new,2,2,,,,,,,,,
img_fqcvd.png,kitchens,4,9,2,memory,new,2,2,,,,,,,,,
img_ifebc.png,kitchens,4,10,2,memory,old,1,2,,,,,,,,,
img_sfq2m.png,kitchens,4,9,2,memory,new,2,2,,,,,,,,,
img_3gm8h.png,kitchens,4,4,2,memory,old,1,2,,,,,,,,,
img_9mcah.png,kitchens,4,3,2,memory,new,2,2,,,,,,,,,
img_h1yyu.png,kitchens,4,4,2,memory,new,2,2,,,,,,,,,
img_5ovr5.png,kitchens,4,8,2,memory,new,2,2,,,,,,,,,
img_ejjkj.png,kitchens,4,9,2,memory,new,2,2,,,,,,,,,
img_8vcm6.png,kitchens,4,10,2,memory,new,2,2,,,,,,,,,
img_bl2f1.png,kitchens,4,10,2,memory,new,2,2,,,,,,,,,
img_3v5w3.png,kitchens,4,10,2,memory,old,1,2,,,,,,,,,
img_ua9bs.png,kitchens,4,9,2,memory,old,1,2,,,,,,,,,
img_ncr40.png,kitchens,4,6,2,memory,old,1,2,,,,,,,,,
img_yqoce.png,kitchens,4,9,2,memory,new,2,2,,,,,,,,,
img_1ao2d.png,kitchens,4,1,2,memory,old,1,2,,,,,,,,,
img_anfk9.png,kitchens,4,7,2,memory,old,1,2,,,,,,,,,
img_7mqbh.png,kitchens,4,9,2,memory,old,1,2,,,,,,,,,
img_z44hw.png,kitchens,4,6,2,memory,old,1,2,,,,,,,,,
img_r77yy.png,kitchens,4,9,2,memory,new,2,2,,,,,,,,,
img_rav8j.png,kitchens,4,1,2,memory,old,1,2,,,,,,,,,
img_xesl0.png,kitchens,4,5,2,memory,old,1,2,,,,,,,,,
img_9d84u.png,kitchens,4,9,2,memory,old,1,2,,,,,,,,,
img_dbf9a.png,kitchens,4,10,2,memory,new,2,2,,,,,,,,,
img_oz18d.png,kitchens,4,8,2,memory,old,1,2,,,,,,,,,
img_8zf2f.png,kitchens,4,8,2,memory,old,1,2,,,,,,,,,
img_mr7a9.png,kitchens,4,8,2,memory,old,1,2,,,,,,,,,
img_g7870.png,kitchens,4,4,2,memory,new,2,2,,,,,,,,,
img_5yhe7.png,kitchens,4,10,2,memory,new,2,2,,,,,,,,,
img_x9ml4.png,kitchens,4,3,2,memory,new,2,2,,,,,,,,,
img_1vukv.png,kitchens,4,7,2,memory,old,1,2,,,,,,,,,
img_79b5l.png,kitchens,4,6,2,memory,old,1,2,,,,,,,,,
piotr-ams-AuSLePZT92U-unsplash_resized.jpg,nontarget,2,0,2,oddball,old,1,6,,,,,,,,,
img_b21d7.png,living_rooms,5,1,2,oddball,old,1,6,,,,,,,,,
pexels-rana-matloob-hussain-733235258-26886816_resized.jpg,nontarget,2,0,2,oddball,old,1,6,,,,,,,,,
img_24rt2.png,living_rooms,5,3,2,oddball,old,1,6,,,,,,,,,
pexels-heyho-8143713_resized.jpg,nontarget,2,0,2,oddball,old,1,6,,,,,,,,,
img_xy930.png,living_rooms,5,6,2,oddball,old,1,6,,,,,,,,,
pexels-prolificpeople-29834274_resized.jpg,target,1,0,2,oddball,old,1,6,,,,,,,,,
img_8i3q8.png,living_rooms,5,8,2,oddball,old,1,6,,,,,,,,,
pexels-jvdm-1599790_resized.jpg,nontarget,2,0,2,oddball,old,1,6,,,,,,,,,
img_hc49v.png,living_rooms,5,6,2,oddball,old,1,6,,,,,,,,,
pexels-markus-winkler-1430818-12081286_resized.jpg,target,1,0,2,oddball,old,1,6,,,,,,,,,
img_65zmd.png,living_rooms,5,6,2,oddball,old,1,6,,,,,,,,,
img_6vila.png,living_rooms,5,8,2,oddball,old,1,6,,,,,,,,,
img_b17ma.png,living_rooms,5,1,2,oddball,old,1,6,,,,,,,,,
img_x4bln.png,living_rooms,5,7,2,oddball,old,1,6,,,,,,,,,
pexels-swed-standard-1308234756-27629443_resized.jpg,nontarget,2,0,2,oddball,old,1,6,,,,,,,,,
img_wixv2.png,living_rooms,5,2,2,oddball,old,1,6,,,,,,,,,
img_x9w7o.png,living_rooms,5,10,2,oddball,old,1,6,,,,,,,,,
img_0kqc0.png,living_rooms,5,2,2,oddball,old,1,6,,,,,,,,,
pexels-heyho-7587746_resized.jpg,nontarget,2,0,2,oddball,old,1,6,,,,,,,,,
img_wbws6.png,living_rooms,5,4,2,oddball,old,1,6,,,,,,,,,
retail-1424041_1920_resized.jpg,target,1,0,2,oddball,old,1,6,,,,,,,,,
img_vad83.png,living_rooms,5,7,2,oddball,old,1,6,,,,,,,,,
pexels-heyho-7546320_resized.jpg,nontarget,2,0,2,oddball,old,1,6,,,,,,,,,
img_zh8ms.png,living_rooms,5,4,2,oddball,old,1,6,,,,,,,,,
pexels-heyho-7546640_resized.jpg,nontarget,2,0,2,oddball,old,1,6,,,,,,,,,
img_6iqem.png,living_rooms,5,6,2,oddball,old,1,6,,,,,,,,,
pexels-zvolskiy-2386152_resized.jpg,target,1,0,2,oddball,old,1,6,,,,,,,,,
img_5jp4f.png,living_rooms,5,9,2,oddball,old,1,6,,,,,,,,,
pexels-noviana-28670063_resized.jpg,target,1,0,2,oddball,old,1,6,,,,,,,,,
img_i64cx.png,living_rooms,5,7,2,oddball,old,1,6,,,,,,,,,
phil-hearing-U7PitHRnTNU-unsplash_resized.jpg,nontarget,2,0,2,oddball,old,1,6,,,,,,,,,
img_37hgm.png,living_rooms,5,6,2,oddball,old,1,6,,,,,,,,,
img_kq9s9.png,living_rooms,5,4,2,oddball,old,1,6,,,,,,,,,
pexels-planka-28907758_resized.jpg,target,1,0,2,oddball,old,1,6,,,,,,,,,
img_6vta6.png,living_rooms,5,8,2,oddball,old,1,6,,,,,,,,,
img_dh5no.png,living_rooms,5,7,2,oddball,old,1,6,,,,,,,,,
img_koooi.png,living_rooms,5,5,2,oddball,old,1,6,,,,,,,,,
pexels-ryutaro-5473030_resized.jpg,target,1,0,2,oddball,old,1,6,,,,,,,,,
img_02alv.png,living_rooms,5,4,2,oddball,old,1,6,,,,,,,,,
img_jpjeg.png,living_rooms,5,10,2,oddball,old,1,6,,,,,,,,,
pexels-pixabay-358592_resized.jpg,nontarget,2,0,2,oddball,old,1,6,,,,,,,,,
img_tj6dy.png,living_rooms,5,8,2,oddball,old,1,6,,,,,,,,,
pexels-pixabay-262005_resized.jpg,nontarget,2,0,2,oddball,old,1,6,,,,,,,,,
img_ok82a.png,living_rooms,5,7,2,oddball,old,1,6,,,,,,,,,
pexels-itsterrymag-2988865_resized.jpg,nontarget,2,0,2,oddball,old,1,6,,,,,,,,,
img_kt81t.png,living_rooms,5,6,2,oddball,old,1,6,,,,,,,,,
raymond-yeung-y0yYZ21XCuQ-unsplash_resized.jpg,target,1,0,2,oddball,old,1,6,,,,,,,,,
img_abobq.png,living_rooms,5,6,2,oddball,old,1,6,,,,,,,,,
pexels-wellington-fernandes-319600131-30505134_resized.jpg,target,1,0,2,oddball,old,1,6,,,,,,,,,
img_geavj.png,living_rooms,5,8,2,oddball,old,1,6,,,,,,,,,
img_py7rq.png,living_rooms,5,7,2,oddball,old,1,6,,,,,,,,,
img_t3d7r.png,living_rooms,5,10,2,oddball,old,1,6,,,,,,,,,
pexels-yess-nakrani-264147511-18139921_resized.jpg,target,1,0,2,oddball,old,1,6,,,,,,,,,
img_gnxyk.png,living_rooms,5,9,2,oddball,old,1,6,,,,,,,,,
img_oimxl.png,living_rooms,5,6,2,oddball,old,1,6,,,,,,,,,
pexels-vika-glitter-392079-3315291_resized.jpg,nontarget,2,0,2,oddball,old,1,6,,,,,,,,,
img_753pq.png,living_rooms,5,6,2,oddball,old,1,6,,,,,,,,,
phil-aicken-o3Qcn8dptnE-unsplash_resized.jpg,target,1,0,2,oddball,old,1,6,,,,,,,,,
img_nb8p4.png,living_rooms,5,1,2,oddball,old,1,6,,,,,,,,,
img_vh7v8.png,living_rooms,5,7,2,oddball,old,1,6,,,,,,,,,
ravi-sharma-HJ8Pptkz0Gk-unsplash_resized.jpg,target,1,0,2,oddball,old,1,6,,,,,,,,,
img_cic06.png,living_rooms,5,9,2,oddball,old,1,6,,,,,,,,,
pexels-heyho-8141966_resized.jpg,nontarget,2,0,2,oddball,old,1,6,,,,,,,,,
img_6zz63.png,living_rooms,5,9,2,oddball,old,1,6,,,,,,,,,
pexels-violetta-ramonaite-3104880-6715531_resized.jpg,target,1,0,2,oddball,old,1,6,,,,,,,,,
img_xr3up.png,living_rooms,5,7,2,oddball,old,1,6,,,,,,,,,
pexels-violetta-ramonaite-3104880-6865456 (1)_resized.jpg,target,1,0,2,oddball,old,1,6,,,,,,,,,
img_xzyzy.png,living_rooms,5,9,2,oddball,old,1,6,,,,,,,,,
pexels-violetta-ramonaite-3104880-6865456_resized.jpg,target,1,0,2,oddball,old,1,6,,,,,,,,,
img_5tr4v.png,living_rooms,5,4,2,oddball,old,1,6,,,,,,,,,
img_8dmpq.png,living_rooms,5,2,2,oddball,old,1,6,,,,,,,,,
pexels-heyho-8134810_resized.jpg,nontarget,2,0,2,oddball,old,1,6,,,,,,,,,
img_bj99b.png,living_rooms,5,8,2,oddball,old,1,6,,,,,,,,,
pexels-heyho-8134822_resized.jpg,nontarget,2,0,2,oddball,old,1,6,,,,,,,,,
img_1iam9.png,living_rooms,5,2,2,oddball,old,1,6,,,,,,,,,
point3d-commercial-imaging-ltd-2X9H1lD_k2Q-unsplash_resized.jpg,nontarget,2,0,2,oddball,old,1,6,,,,,,,,,
img_00ojb.png,living_rooms,5,9,2,oddball,old,1,6,,,,,,,,,
img_4td0x.png,living_rooms,5,10,2,oddball,old,1,6,,,,,,,,,
retail-1424043_1920_resized.jpg,target,1,0,2,oddball,old,1,6,,,,,,,,,
img_kf7vw.png,living_rooms,5,8,2,oddball,old,1,6,,,,,,,,,
pexels-ryutaro-5473023_resized.jpg,target,1,0,2,oddball,old,1,6,,,,,,,,,
img_il020.png,living_rooms,5,1,2,oddball,old,1,6,,,,,,,,,
img_5jy9c.png,living_rooms,5,10,2,oddball,old,1,6,,,,,,,,,
img_f63yi.png,living_rooms,5,9,2,oddball,old,1,6,,,,,,,,,
img_bf8nx.png,living_rooms,5,9,2,memory,new,2,6,,,,,,,,,
img_jkm86.png,living_rooms,5,4,2,memory,new,2,6,,,,,,,,,
img_di6f0.png,living_rooms,5,10,2,memory,new,2,6,,,,,,,,,
img_jpjeg.png,living_rooms,5,10,2,memory,old,1,6,,,,,,,,,
img_zh8ms.png,living_rooms,5,4,2,memory,old,1,6,,,,,,,,,
img_4o8l0.png,living_rooms,5,3,2,memory,new,2,6,,,,,,,,,
img_pjfx6.png,living_rooms,5,2,2,memory,new,2,6,,,,,,,,,
img_ysb5z.png,living_rooms,5,9,2,memory,new,2,6,,,,,,,,,
img_a6u3n.png,living_rooms,5,9,2,memory,new,2,6,,,,,,,,,
img_6iqem.png,living_rooms,5,6,2,memory,old,1,6,,,,,,,,,
img_gnxyk.png,living_rooms,5,9,2,memory,old,1,6,,,,,,,,,
img_kq9s9.png,living_rooms,5,4,2,memory,old,1,6,,,,,,,,,
img_qdln8.png,living_rooms,5,9,2,memory,new,2,6,,,,,,,,,
img_ok82a.png,living_rooms,5,7,2,memory,old,1,6,,,,,,,,,
img_emh91.png,living_rooms,5,8,2,memory,new,2,6,,,,,,,,,
img_b17ma.png,living_rooms,5,1,2,memory,old,1,6,,,,,,,,,
img_vad83.png,living_rooms,5,7,2,memory,old,1,6,,,,,,,,,
img_1iam9.png,living_rooms,5,2,2,memory,old,1,6,,,,,,,,,
img_ivx6p.png,living_rooms,5,9,2,memory,new,2,6,,,,,,,,,
img_xy930.png,living_rooms,5,6,2,memory,old,1,6,,,,,,,,,
img_rg4in.png,living_rooms,5,3,2,memory,new,2,6,,,,,,,,,
img_314bq.png,living_rooms,5,2,2,memory,new,2,6,,,,,,,,,
img_s1t24.png,living_rooms,5,10,2,memory,new,2,6,,,,,,,,,
img_vg73h.png,living_rooms,5,10,2,memory,new,2,6,,,,,,,,,
img_3ze38.png,living_rooms,5,2,2,memory,new,2,6,,,,,,,,,
img_wbws6.png,living_rooms,5,4,2,memory,old,1,6,,,,,,,,,
img_xr3up.png,living_rooms,5,7,2,memory,old,1,6,,,,,,,,,
img_b21d7.png,living_rooms,5,1,2,memory,old,1,6,,,,,,,,,
img_5tr4v.png,living_rooms,5,4,2,memory,old,1,6,,,,,,,,,
img_mvoj8.png,living_rooms,5,10,2,memory,new,2,6,,,,,,,,,
img_6vila.png,living_rooms,5,8,2,memory,old,1,6,,,,,,,,,
img_o30wb.png,living_rooms,5,8,2,memory,new,2,6,,,,,,,,,
img_6zz63.png,living_rooms,5,9,2,memory,old,1,6,,,,,,,,,
img_oimxl.png,living_rooms,5,6,2,memory,old,1,6,,,,,,,,,
img_0kqc0.png,living_rooms,5,2,2,memory,old,1,6,,,,,,,,,
img_pdzf1.png,living_rooms,5,9,2,memory,new,2,6,,,,,,,,,
img_bj99b.png,living_rooms,5,8,2,memory,old,1,6,,,,,,,,,
img_0t206.png,living_rooms,5,10,2,memory,new,2,6,,,,,,,,,
img_x9w7o.png,living_rooms,5,10,2,memory,old,1,6,,,,,,,,,
img_tj6dy.png,living_rooms,5,8,2,memory,old,1,6,,,,,,,,,
img_753pq.png,living_rooms,5,6,2,memory,old,1,6,,,,,,,,,
img_5jp4f.png,living_rooms,5,9,2,memory,old,1,6,,,,,,,,,
img_dh5no.png,living_rooms,5,7,2,memory,old,1,6,,,,,,,,,
img_02alv.png,living_rooms,5,4,2,memory,old,1,6,,,,,,,,,
img_fejeo.png,living_rooms,5,8,2,memory,new,2,6,,,,,,,,,
img_5jy9c.png,living_rooms,5,10,2,memory,old,1,6,,,,,,,,,
img_9bkl9.png,living_rooms,5,3,2,memory,new,2,6,,,,,,,,,
img_koooi.png,living_rooms,5,5,2,memory,old,1,6,,,,,,,,,
img_wgkqa.png,living_rooms,5,10,2,memory,new,2,6,,,,,,,,,
img_196rk.png,living_rooms,5,9,2,memory,new,2,6,,,,,,,,,
img_kt81t.png,living_rooms,5,6,2,memory,old,1,6,,,,,,,,,
img_geavj.png,living_rooms,5,8,2,memory,old,1,6,,,,,,,,,
img_tn8ys.png,living_rooms,5,10,2,memory,new,2,6,,,,,,,,,
img_cic06.png,living_rooms,5,9,2,memory,old,1,6,,,,,,,,,
img_xzyzy.png,living_rooms,5,9,2,memory,old,1,6,,,,,,,,,
img_py7rq.png,living_rooms,5,7,2,memory,old,1,6,,,,,,,,,
img_8i3q8.png,living_rooms,5,8,2,memory,old,1,6,,,,,,,,,
img_wwmp0.png,living_rooms,5,8,2,memory,new,2,6,,,,,,,,,
img_w8jfk.png,living_rooms,5,10,2,memory,new,2,6,,,,,,,,,
img_4td0x.png,living_rooms,5,10,2,memory,old,1,6,,,,,,,,,
img_dg5h7.png,living_rooms,5,10,2,memory,new,2,6,,,,,,,,,
img_rru0v.png,living_rooms,5,4,2,memory,new,2,6,,,,,,,,,
img_3jnt7.png,living_rooms,5,3,2,memory,new,2,6,,,,,,,,,
img_wixv2.png,living_rooms,5,2,2,memory,old,1,6,,,,,,,,,
img_r97z5.png,living_rooms,5,8,2,memory,new,2,6,,,,,,,,,
img_x4bln.png,living_rooms,5,7,2,memory,old,1,6,,,,,,,,,
img_f63yi.png,living_rooms,5,9,2,memory,old,1,6,,,,,,,,,
img_wgddx.png,living_rooms,5,3,2,memory,new,2,6,,,,,,,,,
img_15bss.png,living_rooms,5,10,2,memory,new,2,6,,,,,,,,,
img_g9od8.png,living_rooms,5,4,2,memory,new,2,6,,,,,,,,,
img_q9lab.png,living_rooms,5,3,2,memory,new,2,6,,,,,,,,,
img_t3d7r.png,living_rooms,5,10,2,memory,old,1,6,,,,,,,,,
img_9oofc.png,living_rooms,5,8,2,memory,new,2,6,,,,,,,,,
img_37hgm.png,living_rooms,5,6,2,memory,old,1,6,,,,,,,,,
img_abobq.png,living_rooms,5,6,2,memory,old,1,6,,,,,,,,,
img_hbemf.png,living_rooms,5,9,2,memory,new,2,6,,,,,,,,,
img_a3jds.png,living_rooms,5,8,2,memory,new,2,6,,,,,,,,,
img_amsgw.png,living_rooms,5,9,2,memory,new,2,6,,,,,,,,,
img_24rt2.png,living_rooms,5,3,2,memory,old,1,6,,,,,,,,,
img_8dmpq.png,living_rooms,5,2,2,memory,old,1,6,,,,,,,,,
img_e44sl.png,living_rooms,5,8,2,memory,new,2,6,,,,,,,,,
img_w8yhd.png,living_rooms,5,4,2,memory,new,2,6,,,,,,,,,
img_bg264.png,living_rooms,5,10,2,memory,new,2,6,,,,,,,,,
img_kjbrh.png,living_rooms,5,9,2,memory,new,2,6,,,,,,,,,
img_hmmra.png,living_rooms,5,3,2,memory,new,2,6,,,,,,,,,
img_nb8p4.png,living_rooms,5,1,2,memory,old,1,6,,,,,,,,,
img_vh7v8.png,living_rooms,5,7,2,memory,old,1,6,,,,,,,,,
img_95hiv.png,living_rooms,5,9,2,memory,new,2,6,,,,,,,,,
img_00ojb.png,living_rooms,5,9,2,memory,old,1,6,,,,,,,,,
img_nq3rf.png,living_rooms,5,8,2,memory,new,2,6,,,,,,,,,
img_vgh2g.png,living_rooms,5,10,2,memory,new,2,6,,,,,,,,,
img_hc49v.png,living_rooms,5,6,2,memory,old,1,6,,,,,,,,,
img_il020.png,living_rooms,5,1,2,memory,old,1,6,,,,,,,,,
img_syam3.png,living_rooms,5,2,2,memory,new,2,6,,,,,,,,,
img_5nlnv.png,living_rooms,5,9,2,memory,new,2,6,,,,,,,,,
img_65zmd.png,living_rooms,5,6,2,memory,old,1,6,,,,,,,,,
img_6vta6.png,living_rooms,5,8,2,memory,old,1,6,,,,,,,,,
img_n42jt.png,living_rooms,5,10,2,memory,new,2,6,,,,,,,,,
img_ji4iw.png,living_rooms,5,8,2,memory,new,2,6,,,,,,,,,
img_i64cx.png,living_rooms,5,7,2,memory,old,1,6,,,,,,,,,
img_kf7vw.png,living_rooms,5,8,2,memory,old,1,6,,,,,,,,,
img_0jzz7.png,living_rooms,5,9,2,memory,new,2,6,,,,,,,,,
